2026-08-28T10:54:42.113+01:00  INFO 3184 --- [LogiTrack] [main] com.example.LOGITRACK.Application        : Starting Application using Java 21.0.10 with PID 3184 (C:\Users\enaa\Desktop\LogiTrack\LOGITRACK\target\classes started by enaa in C:\Users\enaa\Desktop\LogiTrack)
2026-08-28T10:54:42.116+01:00  INFO 3184 --- [LogiTrack] [main] com.example.LOGITRACK.Application        : No active profile set, falling back to 1 default profile: "default"
2026-08-28T10:54:43.239+01:00  INFO 3184 --- [LogiTrack] [main] .s.d.r.c.RepositoryConfigurationDelegate : Multiple Spring Data modules found, entering strict repository configuration mode
2026-08-28T10:54:43.241+01:00  INFO 3184 --- [LogiTrack] [main] .s.d.r.c.RepositoryConfigurationDelegate : Bootstrapping Spring Data JPA repositories in DEFAULT mode.
2026-08-28T10:54:43.418+01:00  INFO 3184 --- [LogiTrack] [main] .s.d.r.c.RepositoryConfigurationDelegate : Finished Spring Data repository scanning in 169 ms. Found 5 JPA repository interfaces.
2026-08-28T10:54:43.436+01:00  INFO 3184 --- [LogiTrack] [main] .s.d.r.c.RepositoryConfigurationDelegate : Multiple Spring Data modules found, entering strict repository configuration mode
2026-08-28T10:54:43.436+01:00  INFO 3184 --- [LogiTrack] [main] .s.d.r.c.RepositoryConfigurationDelegate : Bootstrapping Spring Data Redis repositories in DEFAULT mode.
2026-08-28T10:54:43.461+01:00  INFO 3184 --- [LogiTrack] [main] .RepositoryConfigurationExtensionSupport : Spring Data Redis - Could not safely identify store assignment for repository candidate interface com.example.LOGITRACK.repository.ClientRepo; If you want this repository to be a Redis repository, consider annotating your entities with one of these annotations: org.springframework.data.redis.core.RedisHash (preferred), or consider extending one of the following types with your repository: org.springframework.data.keyvalue.repository.KeyValueRepository
2026-08-28T10:54:43.461+01:00  INFO 3184 --- [LogiTrack] [main] .RepositoryConfigurationExtensionSupport : Spring Data Redis - Could not safely identify store assignment for repository candidate interface com.example.LOGITRACK.repository.CommandRepo; If you want this repository to be a Redis repository, consider annotating your entities with one of these annotations: org.springframework.data.redis.core.RedisHash (preferred), or consider extending one of the following types with your repository: org.springframework.data.keyvalue.repository.KeyValueRepository
2026-08-28T10:54:43.462+01:00  INFO 3184 --- [LogiTrack] [main] .RepositoryConfigurationExtensionSupport : Spring Data Redis - Could not safely identify store assignment for repository candidate interface com.example.LOGITRACK.repository.LigneCommandRepo; If you want this repository to be a Redis repository, consider annotating your entities with one of these annotations: org.springframework.data.redis.core.RedisHash (preferred), or consider extending one of the following types with your repository: org.springframework.data.keyvalue.repository.KeyValueRepository
2026-08-28T10:54:43.462+01:00  INFO 3184 --- [LogiTrack] [main] .RepositoryConfigurationExtensionSupport : Spring Data Redis - Could not safely identify store assignment for repository candidate interface com.example.LOGITRACK.repository.ProduitRepo; If you want this repository to be a Redis repository, consider annotating your entities with one of these annotations: org.springframework.data.redis.core.RedisHash (preferred), or consider extending one of the following types with your repository: org.springframework.data.keyvalue.repository.KeyValueRepository
2026-08-28T10:54:43.462+01:00  INFO 3184 --- [LogiTrack] [main] .RepositoryConfigurationExtensionSupport : Spring Data Redis - Could not safely identify store assignment for repository candidate interface com.example.LOGITRACK.repository.UserRepo; If you want this repository to be a Redis repository, consider annotating your entities with one of these annotations: org.springframework.data.redis.core.RedisHash (preferred), or consider extending one of the following types with your repository: org.springframework.data.keyvalue.repository.KeyValueRepository
2026-08-28T10:54:43.462+01:00  INFO 3184 --- [LogiTrack] [main] .s.d.r.c.RepositoryConfigurationDelegate : Finished Spring Data repository scanning in 11 ms. Found 0 Redis repository interfaces.
2026-08-28T10:54:44.003+01:00  INFO 3184 --- [LogiTrack] [main] o.s.boot.tomcat.TomcatWebServer          : Tomcat initialized with port 8080 (http)
2026-08-28T10:54:44.014+01:00  INFO 3184 --- [LogiTrack] [main] o.apache.catalina.core.StandardService   : Starting service [Tomcat]
2026-08-28T10:54:44.014+01:00  INFO 3184 --- [LogiTrack] [main] o.apache.catalina.core.StandardEngine    : Starting Servlet engine: [Apache Tomcat/11.0.20]
2026-08-28T10:54:44.055+01:00  INFO 3184 --- [LogiTrack] [main] b.w.c.s.WebApplicationContextInitializer : Root WebApplicationContext: initialization completed in 1898 ms
2026-08-28T10:54:44.323+01:00  INFO 3184 --- [LogiTrack] [main] com.zaxxer.hikari.HikariDataSource       : HikariPool-1 - Starting...
2026-08-28T10:54:45.401+01:00 ERROR 3184 --- [LogiTrack] [main] t.s.DeferredServletContainerInitializers : Error starting Tomcat context. Exception: org.springframework.beans.factory.UnsatisfiedDependencyException. Message: Error creating bean with name 'jwtFilter' defined in file [C:\Users\enaa\Desktop\LogiTrack\LOGITRACK\target\classes\com\example\LOGITRACK\filter\JwtFilter.class]: Unsatisfied dependency expressed through constructor parameter 1: Error creating bean with name 'customUserDetailsService' defined in file [C:\Users\enaa\Desktop\LogiTrack\LOGITRACK\target\classes\com\example\LOGITRACK\service\CustomUserDetailsService.class]: Unsatisfied dependency expressed through constructor parameter 0: Error creating bean with name 'userRepo' defined in com.example.LOGITRACK.repository.UserRepo defined in @EnableJpaRepositories declared on DataJpaRepositoriesRegistrar.EnableJpaRepositoriesConfiguration: Cannot resolve reference to bean 'jpaSharedEM_entityManagerFactory' while setting bean property 'entityManager'
2026-08-28T10:54:45.430+01:00  INFO 3184 --- [LogiTrack] [main] o.apache.catalina.core.StandardService   : Stopping service [Tomcat]
2026-08-28T10:54:45.433+01:00  WARN 3184 --- [LogiTrack] [main] ConfigServletWebServerApplicationContext : Exception encountered during context initialization - cancelling refresh attempt: org.springframework.context.ApplicationContextException: Unable to start web server
2026-08-28T10:54:45.443+01:00  INFO 3184 --- [LogiTrack] [main] .s.b.a.l.ConditionEvaluationReportLogger : 

Error starting ApplicationContext. To display the condition evaluation report re-run your application with 'debug' enabled.
2026-08-28T10:54:45.458+01:00 ERROR 3184 --- [LogiTrack] [main] o.s.boot.SpringApplication               : Application run failed

org.springframework.context.ApplicationContextException: Unable to start web server
	at org.springframework.boot.web.server.servlet.context.ServletWebServerApplicationContext.onRefresh(ServletWebServerApplicationContext.java:167) ~[spring-boot-web-server-4.0.5.jar:4.0.5]
	at org.springframework.context.support.AbstractApplicationContext.refresh(AbstractApplicationContext.java:615) ~[spring-context-7.0.6.jar:7.0.6]
	at org.springframework.boot.web.server.servlet.context.ServletWebServerApplicationContext.refresh(ServletWebServerApplicationContext.java:143) ~[spring-boot-web-server-4.0.5.jar:4.0.5]
	at org.springframework.boot.SpringApplication.refresh(SpringApplication.java:756) ~[spring-boot-4.0.5.jar:4.0.5]
	at org.springframework.boot.SpringApplication.refreshContext(SpringApplication.java:445) ~[spring-boot-4.0.5.jar:4.0.5]
	at org.springframework.boot.SpringApplication.run(SpringApplication.java:321) ~[spring-boot-4.0.5.jar:4.0.5]
	at org.springframework.boot.SpringApplication.run(SpringApplication.java:1365) ~[spring-boot-4.0.5.jar:4.0.5]
	at org.springframework.boot.SpringApplication.run(SpringApplication.java:1354) ~[spring-boot-4.0.5.jar:4.0.5]
	at com.example.LOGITRACK.Application.main(Application.java:10) ~[classes/:na]
Caused by: org.springframework.boot.web.server.WebServerException: Unable to start embedded Tomcat
	at org.springframework.boot.tomcat.TomcatWebServer.initialize(TomcatWebServer.java:150) ~[spring-boot-tomcat-4.0.5.jar:4.0.5]
	at org.springframework.boot.tomcat.TomcatWebServer.<init>(TomcatWebServer.java:110) ~[spring-boot-tomcat-4.0.5.jar:4.0.5]
	at org.springframework.boot.tomcat.servlet.TomcatServletWebServerFactory.getTomcatWebServer(TomcatServletWebServerFactory.java:408) ~[spring-boot-tomcat-4.0.5.jar:4.0.5]
	at org.springframework.boot.tomcat.servlet.TomcatServletWebServerFactory.getWebServer(TomcatServletWebServerFactory.java:166) ~[spring-boot-tomcat-4.0.5.jar:4.0.5]
	at org.springframework.boot.web.server.servlet.context.ServletWebServerApplicationContext.createWebServer(ServletWebServerApplicationContext.java:190) ~[spring-boot-web-server-4.0.5.jar:4.0.5]
	at org.springframework.boot.web.server.servlet.context.ServletWebServerApplicationContext.onRefresh(ServletWebServerApplicationContext.java:164) ~[spring-boot-web-server-4.0.5.jar:4.0.5]
	... 8 common frames omitted
Caused by: org.springframework.beans.factory.UnsatisfiedDependencyException: Error creating bean with name 'jwtFilter' defined in file [C:\Users\enaa\Desktop\LogiTrack\LOGITRACK\target\classes\com\example\LOGITRACK\filter\JwtFilter.class]: Unsatisfied dependency expressed through constructor parameter 1: Error creating bean with name 'customUserDetailsService' defined in file [C:\Users\enaa\Desktop\LogiTrack\LOGITRACK\target\classes\com\example\LOGITRACK\service\CustomUserDetailsService.class]: Unsatisfied dependency expressed through constructor parameter 0: Error creating bean with name 'userRepo' defined in com.example.LOGITRACK.repository.UserRepo defined in @EnableJpaRepositories declared on DataJpaRepositoriesRegistrar.EnableJpaRepositoriesConfiguration: Cannot resolve reference to bean 'jpaSharedEM_entityManagerFactory' while setting bean property 'entityManager'
	at org.springframework.beans.factory.support.ConstructorResolver.createArgumentArray(ConstructorResolver.java:804) ~[spring-beans-7.0.6.jar:7.0.6]
	at org.springframework.beans.factory.support.ConstructorResolver.autowireConstructor(ConstructorResolver.java:240) ~[spring-beans-7.0.6.jar:7.0.6]
	at org.springframework.beans.factory.support.AbstractAutowireCapableBeanFactory.autowireConstructor(AbstractAutowireCapableBeanFactory.java:1382) ~[spring-beans-7.0.6.jar:7.0.6]
	at org.springframework.beans.factory.support.AbstractAutowireCapableBeanFactory.createBeanInstance(AbstractAutowireCapableBeanFactory.java:1221) ~[spring-beans-7.0.6.jar:7.0.6]
	at org.springframework.beans.factory.support.AbstractAutowireCapableBeanFactory.doCreateBean(AbstractAutowireCapableBeanFactory.java:565) ~[spring-beans-7.0.6.jar:7.0.6]
	at org.springframework.beans.factory.support.AbstractAutowireCapableBeanFactory.createBean(AbstractAutowireCapableBeanFactory.java:525) ~[spring-beans-7.0.6.jar:7.0.6]
	at org.springframework.beans.factory.support.AbstractBeanFactory.lambda$doGetBean$0(AbstractBeanFactory.java:333) ~[spring-beans-7.0.6.jar:7.0.6]
	at org.springframework.beans.factory.support.DefaultSingletonBeanRegistry.getSingleton(DefaultSingletonBeanRegistry.java:371) ~[spring-beans-7.0.6.jar:7.0.6]
	at org.springframework.beans.factory.support.AbstractBeanFactory.doGetBean(AbstractBeanFactory.java:331) ~[spring-beans-7.0.6.jar:7.0.6]
	at org.springframework.beans.factory.support.AbstractBeanFactory.getBean(AbstractBeanFactory.java:201) ~[spring-beans-7.0.6.jar:7.0.6]
	at org.springframework.boot.web.servlet.ServletContextInitializerBeans.getOrderedBeansOfType(ServletContextInitializerBeans.java:231) ~[spring-boot-4.0.5.jar:4.0.5]
	at org.springframework.boot.web.servlet.ServletContextInitializerBeans.addAsRegistrationBean(ServletContextInitializerBeans.java:185) ~[spring-boot-4.0.5.jar:4.0.5]
	at org.springframework.boot.web.servlet.ServletContextInitializerBeans.addAsRegistrationBean(ServletContextInitializerBeans.java:180) ~[spring-boot-4.0.5.jar:4.0.5]
	at org.springframework.boot.web.servlet.ServletContextInitializerBeans.addAdaptableBeans(ServletContextInitializerBeans.java:165) ~[spring-boot-4.0.5.jar:4.0.5]
	at org.springframework.boot.web.servlet.ServletContextInitializerBeans.<init>(ServletContextInitializerBeans.java:97) ~[spring-boot-4.0.5.jar:4.0.5]
	at org.springframework.boot.web.context.servlet.WebApplicationContextInitializer.initialize(WebApplicationContextInitializer.java:53) ~[spring-boot-4.0.5.jar:4.0.5]
	at org.springframework.boot.tomcat.servlet.DeferredServletContainerInitializers.onStartup(DeferredServletContainerInitializers.java:55) ~[spring-boot-tomcat-4.0.5.jar:4.0.5]
	at org.apache.catalina.core.StandardContext.startInternal(StandardContext.java:4416) ~[tomcat-embed-core-11.0.20.jar:11.0.20]
	at org.apache.catalina.util.LifecycleBase.start(LifecycleBase.java:164) ~[tomcat-embed-core-11.0.20.jar:11.0.20]
	at org.apache.catalina.core.ContainerBase$StartChild.call(ContainerBase.java:1162) ~[tomcat-embed-core-11.0.20.jar:11.0.20]
	at org.apache.catalina.core.ContainerBase$StartChild.call(ContainerBase.java:1158) ~[tomcat-embed-core-11.0.20.jar:11.0.20]
	at java.base/java.util.concurrent.FutureTask.run(FutureTask.java:317) ~[na:na]
	at org.apache.tomcat.util.threads.InlineExecutorService.execute(InlineExecutorService.java:81) ~[tomcat-embed-core-11.0.20.jar:11.0.20]
	at java.base/java.util.concurrent.AbstractExecutorService.submit(AbstractExecutorService.java:145) ~[na:na]
	at org.apache.catalina.core.ContainerBase.startInternal(ContainerBase.java:714) ~[tomcat-embed-core-11.0.20.jar:11.0.20]
	at org.apache.catalina.core.StandardHost.startInternal(StandardHost.java:780) ~[tomcat-embed-core-11.0.20.jar:11.0.20]
	at org.apache.catalina.util.LifecycleBase.start(LifecycleBase.java:164) ~[tomcat-embed-core-11.0.20.jar:11.0.20]
	at org.apache.catalina.core.ContainerBase$StartChild.call(ContainerBase.java:1162) ~[tomcat-embed-core-11.0.20.jar:11.0.20]
	at org.apache.catalina.core.ContainerBase$StartChild.call(ContainerBase.java:1158) ~[tomcat-embed-core-11.0.20.jar:11.0.20]
	at java.base/java.util.concurrent.FutureTask.run(FutureTask.java:317) ~[na:na]
	at org.apache.tomcat.util.threads.InlineExecutorService.execute(InlineExecutorService.java:81) ~[tomcat-embed-core-11.0.20.jar:11.0.20]
	at java.base/java.util.concurrent.AbstractExecutorService.submit(AbstractExecutorService.java:145) ~[na:na]
	at org.apache.catalina.core.ContainerBase.startInternal(ContainerBase.java:714) ~[tomcat-embed-core-11.0.20.jar:11.0.20]
	at org.apache.catalina.core.StandardEngine.startInternal(StandardEngine.java:201) ~[tomcat-embed-core-11.0.20.jar:11.0.20]
	at org.apache.catalina.util.LifecycleBase.start(LifecycleBase.java:164) ~[tomcat-embed-core-11.0.20.jar:11.0.20]
	at org.apache.catalina.core.StandardService.startInternal(StandardService.java:410) ~[tomcat-embed-core-11.0.20.jar:11.0.20]
	at org.apache.catalina.util.LifecycleBase.start(LifecycleBase.java:164) ~[tomcat-embed-core-11.0.20.jar:11.0.20]
	at org.apache.catalina.core.StandardServer.startInternal(StandardServer.java:864) ~[tomcat-embed-core-11.0.20.jar:11.0.20]
	at org.apache.catalina.util.LifecycleBase.start(LifecycleBase.java:164) ~[tomcat-embed-core-11.0.20.jar:11.0.20]
	at org.apache.catalina.startup.Tomcat.start(Tomcat.java:435) ~[tomcat-embed-core-11.0.20.jar:11.0.20]
	at org.springframework.boot.tomcat.TomcatWebServer.initialize(TomcatWebServer.java:131) ~[spring-boot-tomcat-4.0.5.jar:4.0.5]
	... 13 common frames omitted
Caused by: org.springframework.beans.factory.UnsatisfiedDependencyException: Error creating bean with name 'customUserDetailsService' defined in file [C:\Users\enaa\Desktop\LogiTrack\LOGITRACK\target\classes\com\example\LOGITRACK\service\CustomUserDetailsService.class]: Unsatisfied dependency expressed through constructor parameter 0: Error creating bean with name 'userRepo' defined in com.example.LOGITRACK.repository.UserRepo defined in @EnableJpaRepositories declared on DataJpaRepositoriesRegistrar.EnableJpaRepositoriesConfiguration: Cannot resolve reference to bean 'jpaSharedEM_entityManagerFactory' while setting bean property 'entityManager'
	at org.springframework.beans.factory.support.ConstructorResolver.createArgumentArray(ConstructorResolver.java:804) ~[spring-beans-7.0.6.jar:7.0.6]
	at org.springframework.beans.factory.support.ConstructorResolver.autowireConstructor(ConstructorResolver.java:240) ~[spring-beans-7.0.6.jar:7.0.6]
	at org.springframework.beans.factory.support.AbstractAutowireCapableBeanFactory.autowireConstructor(AbstractAutowireCapableBeanFactory.java:1382) ~[spring-beans-7.0.6.jar:7.0.6]
	at org.springframework.beans.factory.support.AbstractAutowireCapableBeanFactory.createBeanInstance(AbstractAutowireCapableBeanFactory.java:1221) ~[spring-beans-7.0.6.jar:7.0.6]
	at org.springframework.beans.factory.support.AbstractAutowireCapableBeanFactory.doCreateBean(AbstractAutowireCapableBeanFactory.java:565) ~[spring-beans-7.0.6.jar:7.0.6]
	at org.springframework.beans.factory.support.AbstractAutowireCapableBeanFactory.createBean(AbstractAutowireCapableBeanFactory.java:525) ~[spring-beans-7.0.6.jar:7.0.6]
	at org.springframework.beans.factory.support.AbstractBeanFactory.lambda$doGetBean$0(AbstractBeanFactory.java:333) ~[spring-beans-7.0.6.jar:7.0.6]
	at org.springframework.beans.factory.support.DefaultSingletonBeanRegistry.getSingleton(DefaultSingletonBeanRegistry.java:371) ~[spring-beans-7.0.6.jar:7.0.6]
	at org.springframework.beans.factory.support.AbstractBeanFactory.doGetBean(AbstractBeanFactory.java:331) ~[spring-beans-7.0.6.jar:7.0.6]
	at org.springframework.beans.factory.support.AbstractBeanFactory.getBean(AbstractBeanFactory.java:201) ~[spring-beans-7.0.6.jar:7.0.6]
	at org.springframework.beans.factory.config.DependencyDescriptor.resolveCandidate(DependencyDescriptor.java:229) ~[spring-beans-7.0.6.jar:7.0.6]
	at org.springframework.beans.factory.support.DefaultListableBeanFactory.doResolveDependency(DefaultListableBeanFactory.java:1762) ~[spring-beans-7.0.6.jar:7.0.6]
	at org.springframework.beans.factory.support.DefaultListableBeanFactory.resolveDependency(DefaultListableBeanFactory.java:1651) ~[spring-beans-7.0.6.jar:7.0.6]
	at org.springframework.beans.factory.support.ConstructorResolver.resolveAutowiredArgument(ConstructorResolver.java:912) ~[spring-beans-7.0.6.jar:7.0.6]
	at org.springframework.beans.factory.support.ConstructorResolver.createArgumentArray(ConstructorResolver.java:791) ~[spring-beans-7.0.6.jar:7.0.6]
	... 53 common frames omitted
Caused by: org.springframework.beans.factory.BeanCreationException: Error creating bean with name 'userRepo' defined in com.example.LOGITRACK.repository.UserRepo defined in @EnableJpaRepositories declared on DataJpaRepositoriesRegistrar.EnableJpaRepositoriesConfiguration: Cannot resolve reference to bean 'jpaSharedEM_entityManagerFactory' while setting bean property 'entityManager'
	at org.springframework.beans.factory.support.BeanDefinitionValueResolver.resolveReference(BeanDefinitionValueResolver.java:377) ~[spring-beans-7.0.6.jar:7.0.6]
	at org.springframework.beans.factory.support.BeanDefinitionValueResolver.resolveValueIfNecessary(BeanDefinitionValueResolver.java:135) ~[spring-beans-7.0.6.jar:7.0.6]
	at org.springframework.beans.factory.support.AbstractAutowireCapableBeanFactory.applyPropertyValues(AbstractAutowireCapableBeanFactory.java:1712) ~[spring-beans-7.0.6.jar:7.0.6]
	at org.springframework.beans.factory.support.AbstractAutowireCapableBeanFactory.populateBean(AbstractAutowireCapableBeanFactory.java:1461) ~[spring-beans-7.0.6.jar:7.0.6]
	at org.springframework.beans.factory.support.AbstractAutowireCapableBeanFactory.doCreateBean(AbstractAutowireCapableBeanFactory.java:602) ~[spring-beans-7.0.6.jar:7.0.6]
	at org.springframework.beans.factory.support.AbstractAutowireCapableBeanFactory.createBean(AbstractAutowireCapableBeanFactory.java:525) ~[spring-beans-7.0.6.jar:7.0.6]
	at org.springframework.beans.factory.support.AbstractBeanFactory.lambda$doGetBean$0(AbstractBeanFactory.java:333) ~[spring-beans-7.0.6.jar:7.0.6]
	at org.springframework.beans.factory.support.DefaultSingletonBeanRegistry.getSingleton(DefaultSingletonBeanRegistry.java:371) ~[spring-beans-7.0.6.jar:7.0.6]
	at org.springframework.beans.factory.support.AbstractBeanFactory.doGetBean(AbstractBeanFactory.java:331) ~[spring-beans-7.0.6.jar:7.0.6]
	at org.springframework.beans.factory.support.AbstractBeanFactory.getBean(AbstractBeanFactory.java:201) ~[spring-beans-7.0.6.jar:7.0.6]
	at org.springframework.beans.factory.support.DefaultListableBeanFactory.resolveBean(DefaultListableBeanFactory.java:1225) ~[spring-beans-7.0.6.jar:7.0.6]
	at org.springframework.beans.factory.support.DefaultListableBeanFactory.doResolveDependency(DefaultListableBeanFactory.java:1704) ~[spring-beans-7.0.6.jar:7.0.6]
	at org.springframework.beans.factory.support.DefaultListableBeanFactory.resolveDependency(DefaultListableBeanFactory.java:1651) ~[spring-beans-7.0.6.jar:7.0.6]
	at org.springframework.beans.factory.support.ConstructorResolver.resolveAutowiredArgument(ConstructorResolver.java:912) ~[spring-beans-7.0.6.jar:7.0.6]
	at org.springframework.beans.factory.support.ConstructorResolver.createArgumentArray(ConstructorResolver.java:791) ~[spring-beans-7.0.6.jar:7.0.6]
	... 67 common frames omitted
Caused by: org.springframework.beans.factory.BeanCreationException: Error creating bean with name 'jpaSharedEM_entityManagerFactory': Cannot resolve reference to bean 'entityManagerFactory' while setting constructor argument
	at org.springframework.beans.factory.support.BeanDefinitionValueResolver.resolveReference(BeanDefinitionValueResolver.java:377) ~[spring-beans-7.0.6.jar:7.0.6]
	at org.springframework.beans.factory.support.BeanDefinitionValueResolver.resolveValueIfNecessary(BeanDefinitionValueResolver.java:135) ~[spring-beans-7.0.6.jar:7.0.6]
	at org.springframework.beans.factory.support.ConstructorResolver.resolveConstructorArguments(ConstructorResolver.java:691) ~[spring-beans-7.0.6.jar:7.0.6]
	at org.springframework.beans.factory.support.ConstructorResolver.instantiateUsingFactoryMethod(ConstructorResolver.java:513) ~[spring-beans-7.0.6.jar:7.0.6]
	at org.springframework.beans.factory.support.AbstractAutowireCapableBeanFactory.instantiateUsingFactoryMethod(AbstractAutowireCapableBeanFactory.java:1362) ~[spring-beans-7.0.6.jar:7.0.6]
	at org.springframework.beans.factory.support.AbstractAutowireCapableBeanFactory.createBeanInstance(AbstractAutowireCapableBeanFactory.java:1194) ~[spring-beans-7.0.6.jar:7.0.6]
	at org.springframework.beans.factory.support.AbstractAutowireCapableBeanFactory.doCreateBean(AbstractAutowireCapableBeanFactory.java:565) ~[spring-beans-7.0.6.jar:7.0.6]
	at org.springframework.beans.factory.support.AbstractAutowireCapableBeanFactory.createBean(AbstractAutowireCapableBeanFactory.java:525) ~[spring-beans-7.0.6.jar:7.0.6]
	at org.springframework.beans.factory.support.AbstractBeanFactory.lambda$doGetBean$0(AbstractBeanFactory.java:333) ~[spring-beans-7.0.6.jar:7.0.6]
	at org.springframework.beans.factory.support.DefaultSingletonBeanRegistry.getSingleton(DefaultSingletonBeanRegistry.java:371) ~[spring-beans-7.0.6.jar:7.0.6]
	at org.springframework.beans.factory.support.AbstractBeanFactory.doGetBean(AbstractBeanFactory.java:331) ~[spring-beans-7.0.6.jar:7.0.6]
	at org.springframework.beans.factory.support.AbstractBeanFactory.getBean(AbstractBeanFactory.java:201) ~[spring-beans-7.0.6.jar:7.0.6]
	at org.springframework.beans.factory.support.BeanDefinitionValueResolver.resolveReference(BeanDefinitionValueResolver.java:356) ~[spring-beans-7.0.6.jar:7.0.6]
	... 81 common frames omitted
Caused by: org.springframework.beans.factory.BeanCreationException: Error creating bean with name 'flywayInitializer' defined in class path resource [org/springframework/boot/flyway/autoconfigure/FlywayAutoConfiguration$FlywayConfiguration.class]: Unable to obtain connection from database: Communications link failure

The last packet sent successfully to the server was 0 milliseconds ago. The driver has not received any packets from the server.
--------------------------------------------------------------------------------------------------------------------------------------------------------------------------------------------------------
SQL State  : 08S01
Error Code : 0
Message    : Communications link failure

The last packet sent successfully to the server was 0 milliseconds ago. The driver has not received any packets from the server.

	at org.springframework.beans.factory.support.AbstractAutowireCapableBeanFactory.initializeBean(AbstractAutowireCapableBeanFactory.java:1817) ~[spring-beans-7.0.6.jar:7.0.6]
	at org.springframework.beans.factory.support.AbstractAutowireCapableBeanFactory.doCreateBean(AbstractAutowireCapableBeanFactory.java:603) ~[spring-beans-7.0.6.jar:7.0.6]
	at org.springframework.beans.factory.support.AbstractAutowireCapableBeanFactory.createBean(AbstractAutowireCapableBeanFactory.java:525) ~[spring-beans-7.0.6.jar:7.0.6]
	at org.springframework.beans.factory.support.AbstractBeanFactory.lambda$doGetBean$0(AbstractBeanFactory.java:333) ~[spring-beans-7.0.6.jar:7.0.6]
	at org.springframework.beans.factory.support.DefaultSingletonBeanRegistry.getSingleton(DefaultSingletonBeanRegistry.java:371) ~[spring-beans-7.0.6.jar:7.0.6]
	at org.springframework.beans.factory.support.AbstractBeanFactory.doGetBean(AbstractBeanFactory.java:331) ~[spring-beans-7.0.6.jar:7.0.6]
	at org.springframework.beans.factory.support.AbstractBeanFactory.getBean(AbstractBeanFactory.java:196) ~[spring-beans-7.0.6.jar:7.0.6]
	at org.springframework.beans.factory.support.AbstractBeanFactory.doGetBean(AbstractBeanFactory.java:309) ~[spring-beans-7.0.6.jar:7.0.6]
	at org.springframework.beans.factory.support.AbstractBeanFactory.getBean(AbstractBeanFactory.java:196) ~[spring-beans-7.0.6.jar:7.0.6]
	at org.springframework.beans.factory.support.BeanDefinitionValueResolver.resolveReference(BeanDefinitionValueResolver.java:365) ~[spring-beans-7.0.6.jar:7.0.6]
	... 93 common frames omitted
Caused by: org.flywaydb.core.internal.exception.sqlExceptions.FlywaySqlUnableToConnectToDbException: Unable to obtain connection from database: Communications link failure

The last packet sent successfully to the server was 0 milliseconds ago. The driver has not received any packets from the server.
--------------------------------------------------------------------------------------------------------------------------------------------------------------------------------------------------------
SQL State  : 08S01
Error Code : 0
Message    : Communications link failure

The last packet sent successfully to the server was 0 milliseconds ago. The driver has not received any packets from the server.

	at org.flywaydb.core.internal.jdbc.JdbcUtils.openConnection(JdbcUtils.java:70) ~[flyway-core-11.14.1.jar:na]
	at org.flywaydb.core.internal.jdbc.JdbcConnectionFactory.<init>(JdbcConnectionFactory.java:76) ~[flyway-core-11.14.1.jar:na]
	at org.flywaydb.core.FlywayExecutor.execute(FlywayExecutor.java:142) ~[flyway-core-11.14.1.jar:na]
	at org.flywaydb.core.Flyway.migrate(Flyway.java:186) ~[flyway-core-11.14.1.jar:na]
	at org.springframework.boot.flyway.autoconfigure.FlywayMigrationInitializer.afterPropertiesSet(FlywayMigrationInitializer.java:67) ~[spring-boot-flyway-4.0.5.jar:4.0.5]
	at org.springframework.beans.factory.support.AbstractAutowireCapableBeanFactory.invokeInitMethods(AbstractAutowireCapableBeanFactory.java:1864) ~[spring-beans-7.0.6.jar:7.0.6]
	at org.springframework.beans.factory.support.AbstractAutowireCapableBeanFactory.initializeBean(AbstractAutowireCapableBeanFactory.java:1813) ~[spring-beans-7.0.6.jar:7.0.6]
	... 102 common frames omitted
Caused by: com.mysql.cj.jdbc.exceptions.CommunicationsException: Communications link failure

The last packet sent successfully to the server was 0 milliseconds ago. The driver has not received any packets from the server.
	at com.mysql.cj.jdbc.exceptions.SQLError.createCommunicationsException(SQLError.java:165) ~[mysql-connector-j-9.6.0.jar:9.6.0]
	at com.mysql.cj.jdbc.exceptions.SQLExceptionsMapping.translateException(SQLExceptionsMapping.java:55) ~[mysql-connector-j-9.6.0.jar:9.6.0]
	at com.mysql.cj.jdbc.ConnectionImpl.createNewIO(ConnectionImpl.java:840) ~[mysql-connector-j-9.6.0.jar:9.6.0]
	at com.mysql.cj.jdbc.ConnectionImpl.<init>(ConnectionImpl.java:416) ~[mysql-connector-j-9.6.0.jar:9.6.0]
	at com.mysql.cj.jdbc.ConnectionImpl.getInstance(ConnectionImpl.java:237) ~[mysql-connector-j-9.6.0.jar:9.6.0]
	at com.mysql.cj.jdbc.NonRegisteringDriver.connect(NonRegisteringDriver.java:180) ~[mysql-connector-j-9.6.0.jar:9.6.0]
	at com.zaxxer.hikari.util.DriverDataSource.getConnection(DriverDataSource.java:144) ~[HikariCP-7.0.2.jar:na]
	at com.zaxxer.hikari.pool.PoolBase.newConnection(PoolBase.java:373) ~[HikariCP-7.0.2.jar:na]
	at com.zaxxer.hikari.pool.PoolBase.newPoolEntry(PoolBase.java:210) ~[HikariCP-7.0.2.jar:na]
	at com.zaxxer.hikari.pool.HikariPool.createPoolEntry(HikariPool.java:488) ~[HikariCP-7.0.2.jar:na]
	at com.zaxxer.hikari.pool.HikariPool.checkFailFast(HikariPool.java:576) ~[HikariCP-7.0.2.jar:na]
	at com.zaxxer.hikari.pool.HikariPool.<init>(HikariPool.java:97) ~[HikariCP-7.0.2.jar:na]
	at com.zaxxer.hikari.HikariDataSource.getConnection(HikariDataSource.java:111) ~[HikariCP-7.0.2.jar:na]
	at org.flywaydb.core.internal.jdbc.JdbcUtils.openConnection(JdbcUtils.java:65) ~[flyway-core-11.14.1.jar:na]
	... 108 common frames omitted
Caused by: com.mysql.cj.exceptions.CJCommunicationsException: Communications link failure

The last packet sent successfully to the server was 0 milliseconds ago. The driver has not received any packets from the server.
	at java.base/jdk.internal.reflect.DirectConstructorHandleAccessor.newInstance(DirectConstructorHandleAccessor.java:62) ~[na:na]
	at java.base/java.lang.reflect.Constructor.newInstanceWithCaller(Constructor.java:502) ~[na:na]
	at java.base/java.lang.reflect.Constructor.newInstance(Constructor.java:486) ~[na:na]
	at com.mysql.cj.exceptions.ExceptionFactory.createException(ExceptionFactory.java:52) ~[mysql-connector-j-9.6.0.jar:9.6.0]
	at com.mysql.cj.exceptions.ExceptionFactory.createException(ExceptionFactory.java:95) ~[mysql-connector-j-9.6.0.jar:9.6.0]
	at com.mysql.cj.exceptions.ExceptionFactory.createException(ExceptionFactory.java:140) ~[mysql-connector-j-9.6.0.jar:9.6.0]
	at com.mysql.cj.exceptions.ExceptionFactory.createCommunicationsException(ExceptionFactory.java:156) ~[mysql-connector-j-9.6.0.jar:9.6.0]
	at com.mysql.cj.protocol.a.NativeSocketConnection.connect(NativeSocketConnection.java:79) ~[mysql-connector-j-9.6.0.jar:9.6.0]
	at com.mysql.cj.NativeSession.connect(NativeSession.java:142) ~[mysql-connector-j-9.6.0.jar:9.6.0]
	at com.mysql.cj.jdbc.ConnectionImpl.connectOneTryOnly(ConnectionImpl.java:964) ~[mysql-connector-j-9.6.0.jar:9.6.0]
	at com.mysql.cj.jdbc.ConnectionImpl.createNewIO(ConnectionImpl.java:828) ~[mysql-connector-j-9.6.0.jar:9.6.0]
	... 119 common frames omitted
Caused by: java.net.ConnectException: Connection refused: getsockopt
	at java.base/sun.nio.ch.Net.pollConnect(Native Method) ~[na:na]
	at java.base/sun.nio.ch.Net.pollConnectNow(Net.java:694) ~[na:na]
	at java.base/sun.nio.ch.NioSocketImpl.timedFinishConnect(NioSocketImpl.java:542) ~[na:na]
	at java.base/sun.nio.ch.NioSocketImpl.connect(NioSocketImpl.java:592) ~[na:na]
	at java.base/java.net.SocksSocketImpl.connect(SocksSocketImpl.java:327) ~[na:na]
	at java.base/java.net.Socket.connect(Socket.java:751) ~[na:na]
	at com.mysql.cj.protocol.StandardSocketFactory.connect(StandardSocketFactory.java:144) ~[mysql-connector-j-9.6.0.jar:9.6.0]
	at com.mysql.cj.protocol.a.NativeSocketConnection.connect(NativeSocketConnection.java:53) ~[mysql-connector-j-9.6.0.jar:9.6.0]
	... 122 common frames omitted

2026-08-28T10:55:44.103+01:00  INFO 5984 --- [LogiTrack] [main] com.example.LOGITRACK.Application        : Starting Application using Java 21.0.10 with PID 5984 (C:\Users\enaa\Desktop\LogiTrack\LOGITRACK\target\classes started by enaa in C:\Users\enaa\Desktop\LogiTrack)
2026-08-28T10:55:44.106+01:00  INFO 5984 --- [LogiTrack] [main] com.example.LOGITRACK.Application        : No active profile set, falling back to 1 default profile: "default"
2026-08-28T10:55:44.942+01:00  INFO 5984 --- [LogiTrack] [main] .s.d.r.c.RepositoryConfigurationDelegate : Multiple Spring Data modules found, entering strict repository configuration mode
2026-08-28T10:55:44.943+01:00  INFO 5984 --- [LogiTrack] [main] .s.d.r.c.RepositoryConfigurationDelegate : Bootstrapping Spring Data JPA repositories in DEFAULT mode.
2026-08-28T10:55:45.063+01:00  INFO 5984 --- [LogiTrack] [main] .s.d.r.c.RepositoryConfigurationDelegate : Finished Spring Data repository scanning in 112 ms. Found 5 JPA repository interfaces.
2026-08-28T10:55:45.080+01:00  INFO 5984 --- [LogiTrack] [main] .s.d.r.c.RepositoryConfigurationDelegate : Multiple Spring Data modules found, entering strict repository configuration mode
2026-08-28T10:55:45.081+01:00  INFO 5984 --- [LogiTrack] [main] .s.d.r.c.RepositoryConfigurationDelegate : Bootstrapping Spring Data Redis repositories in DEFAULT mode.
2026-08-28T10:55:45.095+01:00  INFO 5984 --- [LogiTrack] [main] .RepositoryConfigurationExtensionSupport : Spring Data Redis - Could not safely identify store assignment for repository candidate interface com.example.LOGITRACK.repository.ClientRepo; If you want this repository to be a Redis repository, consider annotating your entities with one of these annotations: org.springframework.data.redis.core.RedisHash (preferred), or consider extending one of the following types with your repository: org.springframework.data.keyvalue.repository.KeyValueRepository
2026-08-28T10:55:45.097+01:00  INFO 5984 --- [LogiTrack] [main] .RepositoryConfigurationExtensionSupport : Spring Data Redis - Could not safely identify store assignment for repository candidate interface com.example.LOGITRACK.repository.CommandRepo; If you want this repository to be a Redis repository, consider annotating your entities with one of these annotations: org.springframework.data.redis.core.RedisHash (preferred), or consider extending one of the following types with your repository: org.springframework.data.keyvalue.repository.KeyValueRepository
2026-08-28T10:55:45.097+01:00  INFO 5984 --- [LogiTrack] [main] .RepositoryConfigurationExtensionSupport : Spring Data Redis - Could not safely identify store assignment for repository candidate interface com.example.LOGITRACK.repository.LigneCommandRepo; If you want this repository to be a Redis repository, consider annotating your entities with one of these annotations: org.springframework.data.redis.core.RedisHash (preferred), or consider extending one of the following types with your repository: org.springframework.data.keyvalue.repository.KeyValueRepository
2026-08-28T10:55:45.098+01:00  INFO 5984 --- [LogiTrack] [main] .RepositoryConfigurationExtensionSupport : Spring Data Redis - Could not safely identify store assignment for repository candidate interface com.example.LOGITRACK.repository.ProduitRepo; If you want this repository to be a Redis repository, consider annotating your entities with one of these annotations: org.springframework.data.redis.core.RedisHash (preferred), or consider extending one of the following types with your repository: org.springframework.data.keyvalue.repository.KeyValueRepository
2026-08-28T10:55:45.099+01:00  INFO 5984 --- [LogiTrack] [main] .RepositoryConfigurationExtensionSupport : Spring Data Redis - Could not safely identify store assignment for repository candidate interface com.example.LOGITRACK.repository.UserRepo; If you want this repository to be a Redis repository, consider annotating your entities with one of these annotations: org.springframework.data.redis.core.RedisHash (preferred), or consider extending one of the following types with your repository: org.springframework.data.keyvalue.repository.KeyValueRepository
2026-08-28T10:55:45.099+01:00  INFO 5984 --- [LogiTrack] [main] .s.d.r.c.RepositoryConfigurationDelegate : Finished Spring Data repository scanning in 11 ms. Found 0 Redis repository interfaces.
2026-08-28T10:55:45.579+01:00  INFO 5984 --- [LogiTrack] [main] o.s.boot.tomcat.TomcatWebServer          : Tomcat initialized with port 8080 (http)
2026-08-28T10:55:45.587+01:00  INFO 5984 --- [LogiTrack] [main] o.apache.catalina.core.StandardService   : Starting service [Tomcat]
2026-08-28T10:55:45.587+01:00  INFO 5984 --- [LogiTrack] [main] o.apache.catalina.core.StandardEngine    : Starting Servlet engine: [Apache Tomcat/11.0.20]
2026-08-28T10:55:45.624+01:00  INFO 5984 --- [LogiTrack] [main] b.w.c.s.WebApplicationContextInitializer : Root WebApplicationContext: initialization completed in 1480 ms
2026-08-28T10:55:45.881+01:00  INFO 5984 --- [LogiTrack] [main] com.zaxxer.hikari.HikariDataSource       : HikariPool-1 - Starting...
2026-08-28T10:55:46.156+01:00  INFO 5984 --- [LogiTrack] [main] com.zaxxer.hikari.pool.HikariPool        : HikariPool-1 - Added connection com.mysql.cj.jdbc.ConnectionImpl@3265995e
2026-08-28T10:55:46.158+01:00  INFO 5984 --- [LogiTrack] [main] com.zaxxer.hikari.HikariDataSource       : HikariPool-1 - Start completed.
2026-08-28T10:55:46.201+01:00  INFO 5984 --- [LogiTrack] [main] org.flywaydb.core.FlywayExecutor         : Database: jdbc:mysql://localhost:3307/LogiTrack (MySQL 8.0)
2026-08-28T10:55:46.277+01:00  INFO 5984 --- [LogiTrack] [main] o.f.core.internal.command.DbValidate     : Successfully validated 2 migrations (execution time 00:00.052s)
2026-08-28T10:55:46.293+01:00  INFO 5984 --- [LogiTrack] [main] o.f.core.internal.command.DbMigrate      : Current version of schema `logitrack`: 2
2026-08-28T10:55:46.296+01:00  INFO 5984 --- [LogiTrack] [main] o.f.core.internal.command.DbMigrate      : Schema `logitrack` is up to date. No migration necessary.
2026-08-28T10:55:46.390+01:00  INFO 5984 --- [LogiTrack] [main] org.hibernate.orm.jpa                    : HHH008540: Processing PersistenceUnitInfo [name: default]
2026-08-28T10:55:46.455+01:00  INFO 5984 --- [LogiTrack] [main] org.hibernate.orm.core                   : HHH000001: Hibernate ORM core version 7.2.7.Final
2026-08-28T10:55:46.851+01:00  INFO 5984 --- [LogiTrack] [main] o.s.o.j.p.SpringPersistenceUnitInfo      : No LoadTimeWeaver setup: ignoring JPA class transformer
2026-08-28T10:55:46.903+01:00  WARN 5984 --- [LogiTrack] [main] org.hibernate.orm.deprecation            : HHH90000025: MySQLDialect does not need to be specified explicitly using 'hibernate.dialect' (remove the property setting and it will be selected by default)
2026-08-28T10:55:46.914+01:00  INFO 5984 --- [LogiTrack] [main] org.hibernate.orm.connections.pooling    : HHH10001005: Database info:
	Database JDBC URL [jdbc:mysql://localhost:3307/LogiTrack]
	Database driver: MySQL Connector/J
	Database dialect: MySQLDialect
	Database version: 8.0.44
	Default catalog/schema: logitrack/undefined
	Autocommit mode: undefined/unknown
	Isolation level: REPEATABLE_READ [default REPEATABLE_READ]
	JDBC fetch size: none
	Pool: DataSourceConnectionProvider
	Minimum pool size: undefined/unknown
	Maximum pool size: undefined/unknown
2026-08-28T10:55:47.720+01:00  INFO 5984 --- [LogiTrack] [main] org.hibernate.orm.core                   : HHH000489: No JTA platform available (set 'hibernate.transaction.jta.platform' to enable JTA platform integration)
2026-08-28T10:55:47.753+01:00  INFO 5984 --- [LogiTrack] [main] j.LocalContainerEntityManagerFactoryBean : Initialized JPA EntityManagerFactory for persistence unit 'default'
2026-08-28T10:55:47.815+01:00  INFO 5984 --- [LogiTrack] [main] o.s.d.j.r.query.QueryEnhancerFactories   : Hibernate is in classpath; If applicable, HQL parser will be used.
2026-08-28T10:55:48.039+01:00  INFO 5984 --- [LogiTrack] [main] eAuthenticationProviderManagerConfigurer : Global AuthenticationManager configured with AuthenticationProvider bean with name authenticationProvider
2026-08-28T10:55:48.039+01:00  WARN 5984 --- [LogiTrack] [main] r$InitializeUserDetailsManagerConfigurer : Global AuthenticationManager configured with an AuthenticationProvider bean. UserDetailsService beans will not be used by Spring Security for automatically configuring username/password login. Consider removing the AuthenticationProvider bean. Alternatively, consider using the UserDetailsService in a manually instantiated DaoAuthenticationProvider. If the current configuration is intentional, to turn off this warning, increase the logging level of 'org.springframework.security.config.annotation.authentication.configuration.InitializeUserDetailsBeanManagerConfigurer' to ERROR
2026-08-28T10:55:48.604+01:00  WARN 5984 --- [LogiTrack] [main] JpaBaseConfiguration$JpaWebConfiguration : spring.jpa.open-in-view is enabled by default. Therefore, database queries may be performed during view rendering. Explicitly configure spring.jpa.open-in-view to disable this warning
2026-08-28T10:55:49.721+01:00  INFO 5984 --- [LogiTrack] [main] o.s.b.a.e.web.EndpointLinksResolver      : Exposing 4 endpoints beneath base path '/actuator'
2026-08-28T10:55:49.795+01:00  INFO 5984 --- [LogiTrack] [main] o.s.boot.tomcat.TomcatWebServer          : Tomcat started on port 8080 (http) with context path '/'
2026-08-28T10:55:49.803+01:00  INFO 5984 --- [LogiTrack] [main] com.example.LOGITRACK.Application        : Started Application in 6.075 seconds (process running for 6.642)
2026-08-28T10:55:49.807+01:00  WARN 5984 --- [LogiTrack] [main] o.s.core.events.SpringDocAppInitializer  : SpringDoc /v3/api-docs endpoint is enabled by default. To disable it in production, set the property 'springdoc.api-docs.enabled=false'
2026-08-28T10:55:49.808+01:00  WARN 5984 --- [LogiTrack] [main] o.s.core.events.SpringDocAppInitializer  : SpringDoc /swagger-ui.html endpoint is enabled by default. To disable it in production, set the property 'springdoc.swagger-ui.enabled=false'
2026-08-28T10:55:49.962+01:00  INFO 5984 --- [LogiTrack] [RMI TCP Connection(2)-192.168.30.248] o.a.c.c.C.[Tomcat].[localhost].[/]       : Initializing Spring DispatcherServlet 'dispatcherServlet'
2026-08-28T10:55:49.963+01:00  INFO 5984 --- [LogiTrack] [RMI TCP Connection(2)-192.168.30.248] o.s.web.servlet.DispatcherServlet        : Initializing Servlet 'dispatcherServlet'
2026-08-28T10:55:49.965+01:00  INFO 5984 --- [LogiTrack] [RMI TCP Connection(2)-192.168.30.248] o.s.web.servlet.DispatcherServlet        : Completed initialization in 2 ms
2026-08-28T10:55:50.326+01:00  WARN 5984 --- [LogiTrack] [boundedElastic-1] b.d.r.h.DataRedisReactiveHealthIndicator : Redis health check failed

org.springframework.data.redis.RedisConnectionFailureException: Unable to connect to Redis
	at org.springframework.data.redis.connection.lettuce.LettuceConnectionFactory$ExceptionTranslatingConnectionProvider.translateException(LettuceConnectionFactory.java:1868) ~[spring-data-redis-4.0.4.jar:4.0.4]
	at org.springframework.data.redis.connection.lettuce.LettuceConnectionFactory$ExceptionTranslatingConnectionProvider.getConnection(LettuceConnectionFactory.java:1799) ~[spring-data-redis-4.0.4.jar:4.0.4]
	at org.springframework.data.redis.connection.lettuce.LettuceConnectionFactory$SharedConnection.getNativeConnection(LettuceConnectionFactory.java:1596) ~[spring-data-redis-4.0.4.jar:4.0.4]
	at org.springframework.data.redis.connection.lettuce.LettuceConnectionFactory$SharedConnection.lambda$getConnection$0(LettuceConnectionFactory.java:1576) ~[spring-data-redis-4.0.4.jar:4.0.4]
	at org.springframework.data.redis.connection.lettuce.LettuceConnectionFactory.doInLock(LettuceConnectionFactory.java:1537) ~[spring-data-redis-4.0.4.jar:4.0.4]
	at org.springframework.data.redis.connection.lettuce.LettuceConnectionFactory$SharedConnection.getConnection(LettuceConnectionFactory.java:1573) ~[spring-data-redis-4.0.4.jar:4.0.4]
	at org.springframework.data.redis.connection.lettuce.LettuceConnectionFactory.getSharedReactiveConnection(LettuceConnectionFactory.java:1281) ~[spring-data-redis-4.0.4.jar:4.0.4]
	at org.springframework.data.redis.connection.lettuce.LettuceConnectionFactory.getReactiveConnection(LettuceConnectionFactory.java:1151) ~[spring-data-redis-4.0.4.jar:4.0.4]
	at org.springframework.data.redis.connection.lettuce.LettuceConnectionFactory.getReactiveConnection(LettuceConnectionFactory.java:120) ~[spring-data-redis-4.0.4.jar:4.0.4]
	at reactor.core.publisher.MonoSupplier.call(MonoSupplier.java:63) ~[reactor-core-3.8.4.jar:3.8.4]
	at reactor.core.publisher.FluxSubscribeOnCallable$CallableSubscribeOnSubscription.run(FluxSubscribeOnCallable.java:228) ~[reactor-core-3.8.4.jar:3.8.4]
	at reactor.core.scheduler.SchedulerTask.call(SchedulerTask.java:72) ~[reactor-core-3.8.4.jar:3.8.4]
	at reactor.core.scheduler.SchedulerTask.call(SchedulerTask.java:28) ~[reactor-core-3.8.4.jar:3.8.4]
	at java.base/java.util.concurrent.FutureTask.run(FutureTask.java:317) ~[na:na]
	at java.base/java.util.concurrent.ScheduledThreadPoolExecutor$ScheduledFutureTask.run(ScheduledThreadPoolExecutor.java:304) ~[na:na]
	at java.base/java.util.concurrent.ThreadPoolExecutor.runWorker(ThreadPoolExecutor.java:1144) ~[na:na]
	at java.base/java.util.concurrent.ThreadPoolExecutor$Worker.run(ThreadPoolExecutor.java:642) ~[na:na]
	at java.base/java.lang.Thread.run(Thread.java:1583) ~[na:na]
Caused by: org.springframework.data.redis.connection.PoolException: Could not get a resource from the pool
	at org.springframework.data.redis.connection.lettuce.LettucePoolingConnectionProvider.getConnection(LettucePoolingConnectionProvider.java:118) ~[spring-data-redis-4.0.4.jar:4.0.4]
	at org.springframework.data.redis.connection.lettuce.LettuceConnectionFactory$ExceptionTranslatingConnectionProvider.getConnection(LettuceConnectionFactory.java:1797) ~[spring-data-redis-4.0.4.jar:4.0.4]
	... 16 common frames omitted
Caused by: io.lettuce.core.RedisConnectionException: Unable to connect to localhost/<unresolved>:6379
	at io.lettuce.core.RedisConnectionException.create(RedisConnectionException.java:63) ~[lettuce-core-6.8.2.RELEASE.jar:6.8.2.RELEASE/34f8700]
	at io.lettuce.core.RedisConnectionException.create(RedisConnectionException.java:41) ~[lettuce-core-6.8.2.RELEASE.jar:6.8.2.RELEASE/34f8700]
	at io.lettuce.core.AbstractRedisClient.getConnection(AbstractRedisClient.java:352) ~[lettuce-core-6.8.2.RELEASE.jar:6.8.2.RELEASE/34f8700]
	at io.lettuce.core.RedisClient.connect(RedisClient.java:220) ~[lettuce-core-6.8.2.RELEASE.jar:6.8.2.RELEASE/34f8700]
	at org.springframework.data.redis.connection.lettuce.StandaloneConnectionProvider.lambda$getConnection$1(StandaloneConnectionProvider.java:113) ~[spring-data-redis-4.0.4.jar:4.0.4]
	at java.base/java.util.Optional.orElseGet(Optional.java:364) ~[na:na]
	at org.springframework.data.redis.connection.lettuce.StandaloneConnectionProvider.getConnection(StandaloneConnectionProvider.java:113) ~[spring-data-redis-4.0.4.jar:4.0.4]
	at org.springframework.data.redis.connection.lettuce.LettucePoolingConnectionProvider.lambda$getConnection$1(LettucePoolingConnectionProvider.java:100) ~[spring-data-redis-4.0.4.jar:4.0.4]
	at io.lettuce.core.support.ConnectionPoolSupport$RedisPooledObjectFactory.create(ConnectionPoolSupport.java:270) ~[lettuce-core-6.8.2.RELEASE.jar:6.8.2.RELEASE/34f8700]
	at io.lettuce.core.support.ConnectionPoolSupport$RedisPooledObjectFactory.create(ConnectionPoolSupport.java:257) ~[lettuce-core-6.8.2.RELEASE.jar:6.8.2.RELEASE/34f8700]
	at org.apache.commons.pool2.BasePooledObjectFactory.makeObject(BasePooledObjectFactory.java:68) ~[commons-pool2-2.12.1.jar:2.12.1]
	at org.apache.commons.pool2.impl.GenericObjectPool.create(GenericObjectPool.java:557) ~[commons-pool2-2.12.1.jar:2.12.1]
	at org.apache.commons.pool2.impl.GenericObjectPool.borrowObject(GenericObjectPool.java:299) ~[commons-pool2-2.12.1.jar:2.12.1]
	at org.apache.commons.pool2.impl.GenericObjectPool.borrowObject(GenericObjectPool.java:231) ~[commons-pool2-2.12.1.jar:2.12.1]
	at io.lettuce.core.support.ConnectionPoolSupport$1.borrowObject(ConnectionPoolSupport.java:149) ~[lettuce-core-6.8.2.RELEASE.jar:6.8.2.RELEASE/34f8700]
	at io.lettuce.core.support.ConnectionPoolSupport$1.borrowObject(ConnectionPoolSupport.java:144) ~[lettuce-core-6.8.2.RELEASE.jar:6.8.2.RELEASE/34f8700]
	at org.springframework.data.redis.connection.lettuce.LettucePoolingConnectionProvider.getConnection(LettucePoolingConnectionProvider.java:113) ~[spring-data-redis-4.0.4.jar:4.0.4]
	... 17 common frames omitted
Caused by: io.netty.channel.AbstractChannel$AnnotatedConnectException: Connection refused: getsockopt: localhost/127.0.0.1:6379
Caused by: java.net.ConnectException: Connection refused: getsockopt
	at java.base/sun.nio.ch.Net.pollConnect(Native Method) ~[na:na]
	at java.base/sun.nio.ch.Net.pollConnectNow(Net.java:694) ~[na:na]
	at java.base/sun.nio.ch.SocketChannelImpl.finishConnect(SocketChannelImpl.java:973) ~[na:na]
	at io.netty.channel.socket.nio.NioSocketChannel.doFinishConnect(NioSocketChannel.java:330) ~[netty-transport-4.2.12.Final.jar:4.2.12.Final]
	at io.netty.channel.nio.AbstractNioChannel$AbstractNioUnsafe.finishConnect(AbstractNioChannel.java:384) ~[netty-transport-4.2.12.Final.jar:4.2.12.Final]
	at io.netty.channel.nio.AbstractNioChannel$AbstractNioUnsafe.handle(AbstractNioChannel.java:432) ~[netty-transport-4.2.12.Final.jar:4.2.12.Final]
	at io.netty.channel.nio.NioIoHandler$DefaultNioRegistration.handle(NioIoHandler.java:388) ~[netty-transport-4.2.12.Final.jar:4.2.12.Final]
	at io.netty.channel.nio.NioIoHandler.processSelectedKey(NioIoHandler.java:596) ~[netty-transport-4.2.12.Final.jar:4.2.12.Final]
	at io.netty.channel.nio.NioIoHandler.processSelectedKeysOptimized(NioIoHandler.java:571) ~[netty-transport-4.2.12.Final.jar:4.2.12.Final]
	at io.netty.channel.nio.NioIoHandler.processSelectedKeys(NioIoHandler.java:512) ~[netty-transport-4.2.12.Final.jar:4.2.12.Final]
	at io.netty.channel.nio.NioIoHandler.run(NioIoHandler.java:484) ~[netty-transport-4.2.12.Final.jar:4.2.12.Final]
	at io.netty.channel.SingleThreadIoEventLoop.runIo(SingleThreadIoEventLoop.java:225) ~[netty-transport-4.2.12.Final.jar:4.2.12.Final]
	at io.netty.channel.SingleThreadIoEventLoop.run(SingleThreadIoEventLoop.java:196) ~[netty-transport-4.2.12.Final.jar:4.2.12.Final]
	at io.netty.util.concurrent.SingleThreadEventExecutor$5.run(SingleThreadEventExecutor.java:1195) ~[netty-common-4.2.12.Final.jar:4.2.12.Final]
	at io.netty.util.internal.ThreadExecutorMap$2.run(ThreadExecutorMap.java:74) ~[netty-common-4.2.12.Final.jar:4.2.12.Final]
	at io.netty.util.concurrent.FastThreadLocalRunnable.run(FastThreadLocalRunnable.java:30) ~[netty-common-4.2.12.Final.jar:4.2.12.Final]
	at java.base/java.lang.Thread.run(Thread.java:1583) ~[na:na]

2026-08-28T11:00:21.946+01:00  INFO 5984 --- [LogiTrack] [SpringApplicationShutdownHook] o.s.boot.tomcat.GracefulShutdown         : Commencing graceful shutdown. Waiting for active requests to complete
2026-08-28T11:00:21.952+01:00  INFO 5984 --- [LogiTrack] [tomcat-shutdown] o.s.boot.tomcat.GracefulShutdown         : Graceful shutdown complete
2026-08-28T11:00:21.971+01:00  INFO 5984 --- [LogiTrack] [SpringApplicationShutdownHook] j.LocalContainerEntityManagerFactoryBean : Closing JPA EntityManagerFactory for persistence unit 'default'
2026-08-28T11:00:21.973+01:00  INFO 5984 --- [LogiTrack] [SpringApplicationShutdownHook] com.zaxxer.hikari.HikariDataSource       : HikariPool-1 - Shutdown initiated...
2026-08-28T11:00:21.978+01:00  INFO 5984 --- [LogiTrack] [SpringApplicationShutdownHook] com.zaxxer.hikari.HikariDataSource       : HikariPool-1 - Shutdown completed.
2026-08-28T11:00:29.457+01:00  INFO 15724 --- [LogiTrack] [main] com.example.LOGITRACK.Application        : Starting Application using Java 21.0.10 with PID 15724 (C:\Users\enaa\Desktop\LogiTrack\LOGITRACK\target\classes started by enaa in C:\Users\enaa\Desktop\LogiTrack)
2026-08-28T11:00:29.459+01:00  INFO 15724 --- [LogiTrack] [main] com.example.LOGITRACK.Application        : No active profile set, falling back to 1 default profile: "default"
2026-08-28T11:00:30.369+01:00  INFO 15724 --- [LogiTrack] [main] .s.d.r.c.RepositoryConfigurationDelegate : Bootstrapping Spring Data JPA repositories in DEFAULT mode.
2026-08-28T11:00:30.412+01:00  INFO 15724 --- [LogiTrack] [main] .s.d.r.c.RepositoryConfigurationDelegate : Finished Spring Data repository scanning in 36 ms. Found 5 JPA repository interfaces.
2026-08-28T11:00:30.879+01:00  INFO 15724 --- [LogiTrack] [main] o.s.boot.tomcat.TomcatWebServer          : Tomcat initialized with port 8080 (http)
2026-08-28T11:00:30.887+01:00  INFO 15724 --- [LogiTrack] [main] o.apache.catalina.core.StandardService   : Starting service [Tomcat]
2026-08-28T11:00:30.887+01:00  INFO 15724 --- [LogiTrack] [main] o.apache.catalina.core.StandardEngine    : Starting Servlet engine: [Apache Tomcat/11.0.20]
2026-08-28T11:00:30.923+01:00  INFO 15724 --- [LogiTrack] [main] b.w.c.s.WebApplicationContextInitializer : Root WebApplicationContext: initialization completed in 1426 ms
2026-08-28T11:00:31.197+01:00  INFO 15724 --- [LogiTrack] [main] com.zaxxer.hikari.HikariDataSource       : HikariPool-1 - Starting...
2026-08-28T11:00:31.450+01:00  INFO 15724 --- [LogiTrack] [main] com.zaxxer.hikari.pool.HikariPool        : HikariPool-1 - Added connection com.mysql.cj.jdbc.ConnectionImpl@35ceec81
2026-08-28T11:00:31.451+01:00  INFO 15724 --- [LogiTrack] [main] com.zaxxer.hikari.HikariDataSource       : HikariPool-1 - Start completed.
2026-08-28T11:00:31.484+01:00  INFO 15724 --- [LogiTrack] [main] org.flywaydb.core.FlywayExecutor         : Database: jdbc:mysql://localhost:3307/LogiTrack (MySQL 8.0)
2026-08-28T11:00:31.532+01:00  INFO 15724 --- [LogiTrack] [main] o.f.core.internal.command.DbValidate     : Successfully validated 2 migrations (execution time 00:00.028s)
2026-08-28T11:00:31.547+01:00  INFO 15724 --- [LogiTrack] [main] o.f.core.internal.command.DbMigrate      : Current version of schema `logitrack`: 2
2026-08-28T11:00:31.550+01:00  INFO 15724 --- [LogiTrack] [main] o.f.core.internal.command.DbMigrate      : Schema `logitrack` is up to date. No migration necessary.
2026-08-28T11:00:31.625+01:00  INFO 15724 --- [LogiTrack] [main] org.hibernate.orm.jpa                    : HHH008540: Processing PersistenceUnitInfo [name: default]
2026-08-28T11:00:31.681+01:00  INFO 15724 --- [LogiTrack] [main] org.hibernate.orm.core                   : HHH000001: Hibernate ORM core version 7.2.7.Final
2026-08-28T11:00:32.055+01:00  INFO 15724 --- [LogiTrack] [main] o.s.o.j.p.SpringPersistenceUnitInfo      : No LoadTimeWeaver setup: ignoring JPA class transformer
2026-08-28T11:00:32.102+01:00  WARN 15724 --- [LogiTrack] [main] org.hibernate.orm.deprecation            : HHH90000025: MySQLDialect does not need to be specified explicitly using 'hibernate.dialect' (remove the property setting and it will be selected by default)
2026-08-28T11:00:32.113+01:00  INFO 15724 --- [LogiTrack] [main] org.hibernate.orm.connections.pooling    : HHH10001005: Database info:
	Database JDBC URL [jdbc:mysql://localhost:3307/LogiTrack]
	Database driver: MySQL Connector/J
	Database dialect: MySQLDialect
	Database version: 8.0.44
	Default catalog/schema: logitrack/undefined
	Autocommit mode: undefined/unknown
	Isolation level: REPEATABLE_READ [default REPEATABLE_READ]
	JDBC fetch size: none
	Pool: DataSourceConnectionProvider
	Minimum pool size: undefined/unknown
	Maximum pool size: undefined/unknown
2026-08-28T11:00:32.852+01:00  INFO 15724 --- [LogiTrack] [main] org.hibernate.orm.core                   : HHH000489: No JTA platform available (set 'hibernate.transaction.jta.platform' to enable JTA platform integration)
2026-08-28T11:00:32.884+01:00  INFO 15724 --- [LogiTrack] [main] j.LocalContainerEntityManagerFactoryBean : Initialized JPA EntityManagerFactory for persistence unit 'default'
2026-08-28T11:00:32.936+01:00  INFO 15724 --- [LogiTrack] [main] o.s.d.j.r.query.QueryEnhancerFactories   : Hibernate is in classpath; If applicable, HQL parser will be used.
2026-08-28T11:00:33.212+01:00  INFO 15724 --- [LogiTrack] [main] eAuthenticationProviderManagerConfigurer : Global AuthenticationManager configured with AuthenticationProvider bean with name authenticationProvider
2026-08-28T11:00:33.213+01:00  WARN 15724 --- [LogiTrack] [main] r$InitializeUserDetailsManagerConfigurer : Global AuthenticationManager configured with an AuthenticationProvider bean. UserDetailsService beans will not be used by Spring Security for automatically configuring username/password login. Consider removing the AuthenticationProvider bean. Alternatively, consider using the UserDetailsService in a manually instantiated DaoAuthenticationProvider. If the current configuration is intentional, to turn off this warning, increase the logging level of 'org.springframework.security.config.annotation.authentication.configuration.InitializeUserDetailsBeanManagerConfigurer' to ERROR
2026-08-28T11:00:33.787+01:00  WARN 15724 --- [LogiTrack] [main] JpaBaseConfiguration$JpaWebConfiguration : spring.jpa.open-in-view is enabled by default. Therefore, database queries may be performed during view rendering. Explicitly configure spring.jpa.open-in-view to disable this warning
2026-08-28T11:00:34.525+01:00  INFO 15724 --- [LogiTrack] [main] o.s.b.a.e.web.EndpointLinksResolver      : Exposing 4 endpoints beneath base path '/actuator'
2026-08-28T11:00:34.597+01:00  INFO 15724 --- [LogiTrack] [main] o.s.boot.tomcat.TomcatWebServer          : Tomcat started on port 8080 (http) with context path '/'
2026-08-28T11:00:34.604+01:00  INFO 15724 --- [LogiTrack] [main] com.example.LOGITRACK.Application        : Started Application in 5.597 seconds (process running for 6.382)
2026-08-28T11:00:34.608+01:00  WARN 15724 --- [LogiTrack] [main] o.s.core.events.SpringDocAppInitializer  : SpringDoc /v3/api-docs endpoint is enabled by default. To disable it in production, set the property 'springdoc.api-docs.enabled=false'
2026-08-28T11:00:34.609+01:00  WARN 15724 --- [LogiTrack] [main] o.s.core.events.SpringDocAppInitializer  : SpringDoc /swagger-ui.html endpoint is enabled by default. To disable it in production, set the property 'springdoc.swagger-ui.enabled=false'
2026-08-28T11:00:35.174+01:00  INFO 15724 --- [LogiTrack] [RMI TCP Connection(1)-192.168.30.248] o.a.c.c.C.[Tomcat].[localhost].[/]       : Initializing Spring DispatcherServlet 'dispatcherServlet'
2026-08-28T11:00:35.175+01:00  INFO 15724 --- [LogiTrack] [RMI TCP Connection(1)-192.168.30.248] o.s.web.servlet.DispatcherServlet        : Initializing Servlet 'dispatcherServlet'
2026-08-28T11:00:35.177+01:00  INFO 15724 --- [LogiTrack] [RMI TCP Connection(1)-192.168.30.248] o.s.web.servlet.DispatcherServlet        : Completed initialization in 2 ms
2026-08-28T11:03:36.220+01:00  WARN 15724 --- [LogiTrack] [HikariPool-1:housekeeper] com.zaxxer.hikari.pool.HikariPool        : HikariPool-1 - Thread starvation or clock leap detected (housekeeper delta=1m34s647ms20µs400ns).
2026-08-28T11:19:54.418+01:00  INFO 15724 --- [LogiTrack] [SpringApplicationShutdownHook] o.s.boot.tomcat.GracefulShutdown         : Commencing graceful shutdown. Waiting for active requests to complete
2026-08-28T11:19:54.423+01:00  INFO 15724 --- [LogiTrack] [tomcat-shutdown] o.s.boot.tomcat.GracefulShutdown         : Graceful shutdown complete
2026-08-28T11:19:54.433+01:00  INFO 15724 --- [LogiTrack] [SpringApplicationShutdownHook] j.LocalContainerEntityManagerFactoryBean : Closing JPA EntityManagerFactory for persistence unit 'default'
2026-08-28T11:19:54.436+01:00  INFO 15724 --- [LogiTrack] [SpringApplicationShutdownHook] com.zaxxer.hikari.HikariDataSource       : HikariPool-1 - Shutdown initiated...
2026-08-28T11:19:54.443+01:00  INFO 15724 --- [LogiTrack] [SpringApplicationShutdownHook] com.zaxxer.hikari.HikariDataSource       : HikariPool-1 - Shutdown completed.
2026-08-28T11:20:15.587+01:00  INFO 16360 --- [LogiTrack] [main] com.example.LOGITRACK.Application        : Starting Application using Java 21.0.10 with PID 16360 (C:\Users\enaa\Desktop\LogiTrack\LOGITRACK\target\classes started by enaa in C:\Users\enaa\Desktop\LogiTrack)
2026-08-28T11:20:15.591+01:00  INFO 16360 --- [LogiTrack] [main] com.example.LOGITRACK.Application        : No active profile set, falling back to 1 default profile: "default"
2026-08-28T11:20:16.612+01:00  INFO 16360 --- [LogiTrack] [main] .s.d.r.c.RepositoryConfigurationDelegate : Bootstrapping Spring Data JPA repositories in DEFAULT mode.
2026-08-28T11:20:16.666+01:00  INFO 16360 --- [LogiTrack] [main] .s.d.r.c.RepositoryConfigurationDelegate : Finished Spring Data repository scanning in 45 ms. Found 5 JPA repository interfaces.
2026-08-28T11:20:17.152+01:00  INFO 16360 --- [LogiTrack] [main] o.s.boot.tomcat.TomcatWebServer          : Tomcat initialized with port 8080 (http)
2026-08-28T11:20:17.161+01:00  INFO 16360 --- [LogiTrack] [main] o.apache.catalina.core.StandardService   : Starting service [Tomcat]
2026-08-28T11:20:17.162+01:00  INFO 16360 --- [LogiTrack] [main] o.apache.catalina.core.StandardEngine    : Starting Servlet engine: [Apache Tomcat/11.0.20]
2026-08-28T11:20:17.204+01:00  INFO 16360 --- [LogiTrack] [main] b.w.c.s.WebApplicationContextInitializer : Root WebApplicationContext: initialization completed in 1575 ms
2026-08-28T11:20:17.468+01:00  INFO 16360 --- [LogiTrack] [main] com.zaxxer.hikari.HikariDataSource       : HikariPool-1 - Starting...
2026-08-28T11:20:17.761+01:00  INFO 16360 --- [LogiTrack] [main] com.zaxxer.hikari.pool.HikariPool        : HikariPool-1 - Added connection com.mysql.cj.jdbc.ConnectionImpl@35ceec81
2026-08-28T11:20:17.763+01:00  INFO 16360 --- [LogiTrack] [main] com.zaxxer.hikari.HikariDataSource       : HikariPool-1 - Start completed.
2026-08-28T11:20:17.796+01:00  INFO 16360 --- [LogiTrack] [main] org.flywaydb.core.FlywayExecutor         : Database: jdbc:mysql://localhost:3307/LogiTrack (MySQL 8.0)
2026-08-28T11:20:17.844+01:00  INFO 16360 --- [LogiTrack] [main] o.f.core.internal.command.DbValidate     : Successfully validated 2 migrations (execution time 00:00.024s)
2026-08-28T11:20:17.858+01:00  INFO 16360 --- [LogiTrack] [main] o.f.core.internal.command.DbMigrate      : Current version of schema `logitrack`: 2
2026-08-28T11:20:17.862+01:00  INFO 16360 --- [LogiTrack] [main] o.f.core.internal.command.DbMigrate      : Schema `logitrack` is up to date. No migration necessary.
2026-08-28T11:20:17.951+01:00  INFO 16360 --- [LogiTrack] [main] org.hibernate.orm.jpa                    : HHH008540: Processing PersistenceUnitInfo [name: default]
2026-08-28T11:20:18.014+01:00  INFO 16360 --- [LogiTrack] [main] org.hibernate.orm.core                   : HHH000001: Hibernate ORM core version 7.2.7.Final
2026-08-28T11:20:18.414+01:00  INFO 16360 --- [LogiTrack] [main] o.s.o.j.p.SpringPersistenceUnitInfo      : No LoadTimeWeaver setup: ignoring JPA class transformer
2026-08-28T11:20:18.464+01:00  WARN 16360 --- [LogiTrack] [main] org.hibernate.orm.deprecation            : HHH90000025: MySQLDialect does not need to be specified explicitly using 'hibernate.dialect' (remove the property setting and it will be selected by default)
2026-08-28T11:20:18.476+01:00  INFO 16360 --- [LogiTrack] [main] org.hibernate.orm.connections.pooling    : HHH10001005: Database info:
	Database JDBC URL [jdbc:mysql://localhost:3307/LogiTrack]
	Database driver: MySQL Connector/J
	Database dialect: MySQLDialect
	Database version: 8.0.44
	Default catalog/schema: logitrack/undefined
	Autocommit mode: undefined/unknown
	Isolation level: REPEATABLE_READ [default REPEATABLE_READ]
	JDBC fetch size: none
	Pool: DataSourceConnectionProvider
	Minimum pool size: undefined/unknown
	Maximum pool size: undefined/unknown
2026-08-28T11:20:19.261+01:00  INFO 16360 --- [LogiTrack] [main] org.hibernate.orm.core                   : HHH000489: No JTA platform available (set 'hibernate.transaction.jta.platform' to enable JTA platform integration)
2026-08-28T11:20:19.293+01:00  INFO 16360 --- [LogiTrack] [main] j.LocalContainerEntityManagerFactoryBean : Initialized JPA EntityManagerFactory for persistence unit 'default'
2026-08-28T11:20:19.346+01:00  INFO 16360 --- [LogiTrack] [main] o.s.d.j.r.query.QueryEnhancerFactories   : Hibernate is in classpath; If applicable, HQL parser will be used.
2026-08-28T11:20:19.563+01:00  INFO 16360 --- [LogiTrack] [main] eAuthenticationProviderManagerConfigurer : Global AuthenticationManager configured with AuthenticationProvider bean with name authenticationProvider
2026-08-28T11:20:19.564+01:00  WARN 16360 --- [LogiTrack] [main] r$InitializeUserDetailsManagerConfigurer : Global AuthenticationManager configured with an AuthenticationProvider bean. UserDetailsService beans will not be used by Spring Security for automatically configuring username/password login. Consider removing the AuthenticationProvider bean. Alternatively, consider using the UserDetailsService in a manually instantiated DaoAuthenticationProvider. If the current configuration is intentional, to turn off this warning, increase the logging level of 'org.springframework.security.config.annotation.authentication.configuration.InitializeUserDetailsBeanManagerConfigurer' to ERROR
2026-08-28T11:20:20.101+01:00  WARN 16360 --- [LogiTrack] [main] JpaBaseConfiguration$JpaWebConfiguration : spring.jpa.open-in-view is enabled by default. Therefore, database queries may be performed during view rendering. Explicitly configure spring.jpa.open-in-view to disable this warning
2026-08-28T11:20:20.832+01:00  INFO 16360 --- [LogiTrack] [main] o.s.b.a.e.web.EndpointLinksResolver      : Exposing 4 endpoints beneath base path '/actuator'
2026-08-28T11:20:20.905+01:00  INFO 16360 --- [LogiTrack] [main] o.s.boot.tomcat.TomcatWebServer          : Tomcat started on port 8080 (http) with context path '/'
2026-08-28T11:20:20.912+01:00  INFO 16360 --- [LogiTrack] [main] com.example.LOGITRACK.Application        : Started Application in 5.68 seconds (process running for 8.95)
2026-08-28T11:20:20.917+01:00  WARN 16360 --- [LogiTrack] [main] o.s.core.events.SpringDocAppInitializer  : SpringDoc /v3/api-docs endpoint is enabled by default. To disable it in production, set the property 'springdoc.api-docs.enabled=false'
2026-08-28T11:20:20.917+01:00  WARN 16360 --- [LogiTrack] [main] o.s.core.events.SpringDocAppInitializer  : SpringDoc /swagger-ui.html endpoint is enabled by default. To disable it in production, set the property 'springdoc.swagger-ui.enabled=false'
2026-08-28T11:20:21.289+01:00  INFO 16360 --- [LogiTrack] [RMI TCP Connection(1)-192.168.30.248] o.a.c.c.C.[Tomcat].[localhost].[/]       : Initializing Spring DispatcherServlet 'dispatcherServlet'
2026-08-28T11:20:21.289+01:00  INFO 16360 --- [LogiTrack] [RMI TCP Connection(1)-192.168.30.248] o.s.web.servlet.DispatcherServlet        : Initializing Servlet 'dispatcherServlet'
2026-08-28T11:20:21.292+01:00  INFO 16360 --- [LogiTrack] [RMI TCP Connection(1)-192.168.30.248] o.s.web.servlet.DispatcherServlet        : Completed initialization in 3 ms
2026-08-28T11:40:04.915+01:00  INFO 16360 --- [LogiTrack] [SpringApplicationShutdownHook] o.s.boot.tomcat.GracefulShutdown         : Commencing graceful shutdown. Waiting for active requests to complete
2026-08-28T11:40:04.921+01:00  INFO 16360 --- [LogiTrack] [tomcat-shutdown] o.s.boot.tomcat.GracefulShutdown         : Graceful shutdown complete
2026-08-28T11:40:04.928+01:00  INFO 16360 --- [LogiTrack] [SpringApplicationShutdownHook] j.LocalContainerEntityManagerFactoryBean : Closing JPA EntityManagerFactory for persistence unit 'default'
2026-08-28T11:40:04.930+01:00  INFO 16360 --- [LogiTrack] [SpringApplicationShutdownHook] com.zaxxer.hikari.HikariDataSource       : HikariPool-1 - Shutdown initiated...
2026-08-28T11:40:04.935+01:00  INFO 16360 --- [LogiTrack] [SpringApplicationShutdownHook] com.zaxxer.hikari.HikariDataSource       : HikariPool-1 - Shutdown completed.
2026-08-28T12:05:49.219+01:00  INFO 15144 --- [LogiTrack] [main] com.example.LOGITRACK.Application        : Starting Application using Java 21.0.10 with PID 15144 (C:\Users\enaa\Desktop\LogiTrack\LOGITRACK\target\classes started by enaa in C:\Users\enaa\Desktop\LogiTrack)
2026-08-28T12:05:49.222+01:00  INFO 15144 --- [LogiTrack] [main] com.example.LOGITRACK.Application        : No active profile set, falling back to 1 default profile: "default"
2026-08-28T12:05:50.034+01:00  INFO 15144 --- [LogiTrack] [main] .s.d.r.c.RepositoryConfigurationDelegate : Bootstrapping Spring Data JPA repositories in DEFAULT mode.
2026-08-28T12:05:50.081+01:00  INFO 15144 --- [LogiTrack] [main] .s.d.r.c.RepositoryConfigurationDelegate : Finished Spring Data repository scanning in 40 ms. Found 5 JPA repository interfaces.
2026-08-28T12:05:50.547+01:00  INFO 15144 --- [LogiTrack] [main] o.s.boot.tomcat.TomcatWebServer          : Tomcat initialized with port 8080 (http)
2026-08-28T12:05:50.556+01:00  INFO 15144 --- [LogiTrack] [main] o.apache.catalina.core.StandardService   : Starting service [Tomcat]
2026-08-28T12:05:50.556+01:00  INFO 15144 --- [LogiTrack] [main] o.apache.catalina.core.StandardEngine    : Starting Servlet engine: [Apache Tomcat/11.0.20]
2026-08-28T12:05:50.595+01:00  INFO 15144 --- [LogiTrack] [main] b.w.c.s.WebApplicationContextInitializer : Root WebApplicationContext: initialization completed in 1321 ms
2026-08-28T12:05:50.848+01:00  INFO 15144 --- [LogiTrack] [main] com.zaxxer.hikari.HikariDataSource       : HikariPool-1 - Starting...
2026-08-28T12:05:51.941+01:00 ERROR 15144 --- [LogiTrack] [main] t.s.DeferredServletContainerInitializers : Error starting Tomcat context. Exception: org.springframework.beans.factory.UnsatisfiedDependencyException. Message: Error creating bean with name 'jwtFilter' defined in file [C:\Users\enaa\Desktop\LogiTrack\LOGITRACK\target\classes\com\example\LOGITRACK\filter\JwtFilter.class]: Unsatisfied dependency expressed through constructor parameter 1: Error creating bean with name 'customUserDetailsService' defined in file [C:\Users\enaa\Desktop\LogiTrack\LOGITRACK\target\classes\com\example\LOGITRACK\service\CustomUserDetailsService.class]: Unsatisfied dependency expressed through constructor parameter 0: Error creating bean with name 'userRepo' defined in com.example.LOGITRACK.repository.UserRepo defined in @EnableJpaRepositories declared on DataJpaRepositoriesRegistrar.EnableJpaRepositoriesConfiguration: Cannot resolve reference to bean 'jpaSharedEM_entityManagerFactory' while setting bean property 'entityManager'
2026-08-28T12:05:51.956+01:00  INFO 15144 --- [LogiTrack] [main] o.apache.catalina.core.StandardService   : Stopping service [Tomcat]
2026-08-28T12:05:51.959+01:00  WARN 15144 --- [LogiTrack] [main] ConfigServletWebServerApplicationContext : Exception encountered during context initialization - cancelling refresh attempt: org.springframework.context.ApplicationContextException: Unable to start web server
2026-08-28T12:05:51.965+01:00  INFO 15144 --- [LogiTrack] [main] .s.b.a.l.ConditionEvaluationReportLogger : 

Error starting ApplicationContext. To display the condition evaluation report re-run your application with 'debug' enabled.
2026-08-28T12:05:51.976+01:00 ERROR 15144 --- [LogiTrack] [main] o.s.boot.SpringApplication               : Application run failed

org.springframework.context.ApplicationContextException: Unable to start web server
	at org.springframework.boot.web.server.servlet.context.ServletWebServerApplicationContext.onRefresh(ServletWebServerApplicationContext.java:167) ~[spring-boot-web-server-4.0.5.jar:4.0.5]
	at org.springframework.context.support.AbstractApplicationContext.refresh(AbstractApplicationContext.java:615) ~[spring-context-7.0.6.jar:7.0.6]
	at org.springframework.boot.web.server.servlet.context.ServletWebServerApplicationContext.refresh(ServletWebServerApplicationContext.java:143) ~[spring-boot-web-server-4.0.5.jar:4.0.5]
	at org.springframework.boot.SpringApplication.refresh(SpringApplication.java:756) ~[spring-boot-4.0.5.jar:4.0.5]
	at org.springframework.boot.SpringApplication.refreshContext(SpringApplication.java:445) ~[spring-boot-4.0.5.jar:4.0.5]
	at org.springframework.boot.SpringApplication.run(SpringApplication.java:321) ~[spring-boot-4.0.5.jar:4.0.5]
	at org.springframework.boot.SpringApplication.run(SpringApplication.java:1365) ~[spring-boot-4.0.5.jar:4.0.5]
	at org.springframework.boot.SpringApplication.run(SpringApplication.java:1354) ~[spring-boot-4.0.5.jar:4.0.5]
	at com.example.LOGITRACK.Application.main(Application.java:10) ~[classes/:na]
Caused by: org.springframework.boot.web.server.WebServerException: Unable to start embedded Tomcat
	at org.springframework.boot.tomcat.TomcatWebServer.initialize(TomcatWebServer.java:150) ~[spring-boot-tomcat-4.0.5.jar:4.0.5]
	at org.springframework.boot.tomcat.TomcatWebServer.<init>(TomcatWebServer.java:110) ~[spring-boot-tomcat-4.0.5.jar:4.0.5]
	at org.springframework.boot.tomcat.servlet.TomcatServletWebServerFactory.getTomcatWebServer(TomcatServletWebServerFactory.java:408) ~[spring-boot-tomcat-4.0.5.jar:4.0.5]
	at org.springframework.boot.tomcat.servlet.TomcatServletWebServerFactory.getWebServer(TomcatServletWebServerFactory.java:166) ~[spring-boot-tomcat-4.0.5.jar:4.0.5]
	at org.springframework.boot.web.server.servlet.context.ServletWebServerApplicationContext.createWebServer(ServletWebServerApplicationContext.java:190) ~[spring-boot-web-server-4.0.5.jar:4.0.5]
	at org.springframework.boot.web.server.servlet.context.ServletWebServerApplicationContext.onRefresh(ServletWebServerApplicationContext.java:164) ~[spring-boot-web-server-4.0.5.jar:4.0.5]
	... 8 common frames omitted
Caused by: org.springframework.beans.factory.UnsatisfiedDependencyException: Error creating bean with name 'jwtFilter' defined in file [C:\Users\enaa\Desktop\LogiTrack\LOGITRACK\target\classes\com\example\LOGITRACK\filter\JwtFilter.class]: Unsatisfied dependency expressed through constructor parameter 1: Error creating bean with name 'customUserDetailsService' defined in file [C:\Users\enaa\Desktop\LogiTrack\LOGITRACK\target\classes\com\example\LOGITRACK\service\CustomUserDetailsService.class]: Unsatisfied dependency expressed through constructor parameter 0: Error creating bean with name 'userRepo' defined in com.example.LOGITRACK.repository.UserRepo defined in @EnableJpaRepositories declared on DataJpaRepositoriesRegistrar.EnableJpaRepositoriesConfiguration: Cannot resolve reference to bean 'jpaSharedEM_entityManagerFactory' while setting bean property 'entityManager'
	at org.springframework.beans.factory.support.ConstructorResolver.createArgumentArray(ConstructorResolver.java:804) ~[spring-beans-7.0.6.jar:7.0.6]
	at org.springframework.beans.factory.support.ConstructorResolver.autowireConstructor(ConstructorResolver.java:240) ~[spring-beans-7.0.6.jar:7.0.6]
	at org.springframework.beans.factory.support.AbstractAutowireCapableBeanFactory.autowireConstructor(AbstractAutowireCapableBeanFactory.java:1382) ~[spring-beans-7.0.6.jar:7.0.6]
	at org.springframework.beans.factory.support.AbstractAutowireCapableBeanFactory.createBeanInstance(AbstractAutowireCapableBeanFactory.java:1221) ~[spring-beans-7.0.6.jar:7.0.6]
	at org.springframework.beans.factory.support.AbstractAutowireCapableBeanFactory.doCreateBean(AbstractAutowireCapableBeanFactory.java:565) ~[spring-beans-7.0.6.jar:7.0.6]
	at org.springframework.beans.factory.support.AbstractAutowireCapableBeanFactory.createBean(AbstractAutowireCapableBeanFactory.java:525) ~[spring-beans-7.0.6.jar:7.0.6]
	at org.springframework.beans.factory.support.AbstractBeanFactory.lambda$doGetBean$0(AbstractBeanFactory.java:333) ~[spring-beans-7.0.6.jar:7.0.6]
	at org.springframework.beans.factory.support.DefaultSingletonBeanRegistry.getSingleton(DefaultSingletonBeanRegistry.java:371) ~[spring-beans-7.0.6.jar:7.0.6]
	at org.springframework.beans.factory.support.AbstractBeanFactory.doGetBean(AbstractBeanFactory.java:331) ~[spring-beans-7.0.6.jar:7.0.6]
	at org.springframework.beans.factory.support.AbstractBeanFactory.getBean(AbstractBeanFactory.java:201) ~[spring-beans-7.0.6.jar:7.0.6]
	at org.springframework.boot.web.servlet.ServletContextInitializerBeans.getOrderedBeansOfType(ServletContextInitializerBeans.java:231) ~[spring-boot-4.0.5.jar:4.0.5]
	at org.springframework.boot.web.servlet.ServletContextInitializerBeans.addAsRegistrationBean(ServletContextInitializerBeans.java:185) ~[spring-boot-4.0.5.jar:4.0.5]
	at org.springframework.boot.web.servlet.ServletContextInitializerBeans.addAsRegistrationBean(ServletContextInitializerBeans.java:180) ~[spring-boot-4.0.5.jar:4.0.5]
	at org.springframework.boot.web.servlet.ServletContextInitializerBeans.addAdaptableBeans(ServletContextInitializerBeans.java:165) ~[spring-boot-4.0.5.jar:4.0.5]
	at org.springframework.boot.web.servlet.ServletContextInitializerBeans.<init>(ServletContextInitializerBeans.java:97) ~[spring-boot-4.0.5.jar:4.0.5]
	at org.springframework.boot.web.context.servlet.WebApplicationContextInitializer.initialize(WebApplicationContextInitializer.java:53) ~[spring-boot-4.0.5.jar:4.0.5]
	at org.springframework.boot.tomcat.servlet.DeferredServletContainerInitializers.onStartup(DeferredServletContainerInitializers.java:55) ~[spring-boot-tomcat-4.0.5.jar:4.0.5]
	at org.apache.catalina.core.StandardContext.startInternal(StandardContext.java:4416) ~[tomcat-embed-core-11.0.20.jar:11.0.20]
	at org.apache.catalina.util.LifecycleBase.start(LifecycleBase.java:164) ~[tomcat-embed-core-11.0.20.jar:11.0.20]
	at org.apache.catalina.core.ContainerBase$StartChild.call(ContainerBase.java:1162) ~[tomcat-embed-core-11.0.20.jar:11.0.20]
	at org.apache.catalina.core.ContainerBase$StartChild.call(ContainerBase.java:1158) ~[tomcat-embed-core-11.0.20.jar:11.0.20]
	at java.base/java.util.concurrent.FutureTask.run(FutureTask.java:317) ~[na:na]
	at org.apache.tomcat.util.threads.InlineExecutorService.execute(InlineExecutorService.java:81) ~[tomcat-embed-core-11.0.20.jar:11.0.20]
	at java.base/java.util.concurrent.AbstractExecutorService.submit(AbstractExecutorService.java:145) ~[na:na]
	at org.apache.catalina.core.ContainerBase.startInternal(ContainerBase.java:714) ~[tomcat-embed-core-11.0.20.jar:11.0.20]
	at org.apache.catalina.core.StandardHost.startInternal(StandardHost.java:780) ~[tomcat-embed-core-11.0.20.jar:11.0.20]
	at org.apache.catalina.util.LifecycleBase.start(LifecycleBase.java:164) ~[tomcat-embed-core-11.0.20.jar:11.0.20]
	at org.apache.catalina.core.ContainerBase$StartChild.call(ContainerBase.java:1162) ~[tomcat-embed-core-11.0.20.jar:11.0.20]
	at org.apache.catalina.core.ContainerBase$StartChild.call(ContainerBase.java:1158) ~[tomcat-embed-core-11.0.20.jar:11.0.20]
	at java.base/java.util.concurrent.FutureTask.run(FutureTask.java:317) ~[na:na]
	at org.apache.tomcat.util.threads.InlineExecutorService.execute(InlineExecutorService.java:81) ~[tomcat-embed-core-11.0.20.jar:11.0.20]
	at java.base/java.util.concurrent.AbstractExecutorService.submit(AbstractExecutorService.java:145) ~[na:na]
	at org.apache.catalina.core.ContainerBase.startInternal(ContainerBase.java:714) ~[tomcat-embed-core-11.0.20.jar:11.0.20]
	at org.apache.catalina.core.StandardEngine.startInternal(StandardEngine.java:201) ~[tomcat-embed-core-11.0.20.jar:11.0.20]
	at org.apache.catalina.util.LifecycleBase.start(LifecycleBase.java:164) ~[tomcat-embed-core-11.0.20.jar:11.0.20]
	at org.apache.catalina.core.StandardService.startInternal(StandardService.java:410) ~[tomcat-embed-core-11.0.20.jar:11.0.20]
	at org.apache.catalina.util.LifecycleBase.start(LifecycleBase.java:164) ~[tomcat-embed-core-11.0.20.jar:11.0.20]
	at org.apache.catalina.core.StandardServer.startInternal(StandardServer.java:864) ~[tomcat-embed-core-11.0.20.jar:11.0.20]
	at org.apache.catalina.util.LifecycleBase.start(LifecycleBase.java:164) ~[tomcat-embed-core-11.0.20.jar:11.0.20]
	at org.apache.catalina.startup.Tomcat.start(Tomcat.java:435) ~[tomcat-embed-core-11.0.20.jar:11.0.20]
	at org.springframework.boot.tomcat.TomcatWebServer.initialize(TomcatWebServer.java:131) ~[spring-boot-tomcat-4.0.5.jar:4.0.5]
	... 13 common frames omitted
Caused by: org.springframework.beans.factory.UnsatisfiedDependencyException: Error creating bean with name 'customUserDetailsService' defined in file [C:\Users\enaa\Desktop\LogiTrack\LOGITRACK\target\classes\com\example\LOGITRACK\service\CustomUserDetailsService.class]: Unsatisfied dependency expressed through constructor parameter 0: Error creating bean with name 'userRepo' defined in com.example.LOGITRACK.repository.UserRepo defined in @EnableJpaRepositories declared on DataJpaRepositoriesRegistrar.EnableJpaRepositoriesConfiguration: Cannot resolve reference to bean 'jpaSharedEM_entityManagerFactory' while setting bean property 'entityManager'
	at org.springframework.beans.factory.support.ConstructorResolver.createArgumentArray(ConstructorResolver.java:804) ~[spring-beans-7.0.6.jar:7.0.6]
	at org.springframework.beans.factory.support.ConstructorResolver.autowireConstructor(ConstructorResolver.java:240) ~[spring-beans-7.0.6.jar:7.0.6]
	at org.springframework.beans.factory.support.AbstractAutowireCapableBeanFactory.autowireConstructor(AbstractAutowireCapableBeanFactory.java:1382) ~[spring-beans-7.0.6.jar:7.0.6]
	at org.springframework.beans.factory.support.AbstractAutowireCapableBeanFactory.createBeanInstance(AbstractAutowireCapableBeanFactory.java:1221) ~[spring-beans-7.0.6.jar:7.0.6]
	at org.springframework.beans.factory.support.AbstractAutowireCapableBeanFactory.doCreateBean(AbstractAutowireCapableBeanFactory.java:565) ~[spring-beans-7.0.6.jar:7.0.6]
	at org.springframework.beans.factory.support.AbstractAutowireCapableBeanFactory.createBean(AbstractAutowireCapableBeanFactory.java:525) ~[spring-beans-7.0.6.jar:7.0.6]
	at org.springframework.beans.factory.support.AbstractBeanFactory.lambda$doGetBean$0(AbstractBeanFactory.java:333) ~[spring-beans-7.0.6.jar:7.0.6]
	at org.springframework.beans.factory.support.DefaultSingletonBeanRegistry.getSingleton(DefaultSingletonBeanRegistry.java:371) ~[spring-beans-7.0.6.jar:7.0.6]
	at org.springframework.beans.factory.support.AbstractBeanFactory.doGetBean(AbstractBeanFactory.java:331) ~[spring-beans-7.0.6.jar:7.0.6]
	at org.springframework.beans.factory.support.AbstractBeanFactory.getBean(AbstractBeanFactory.java:201) ~[spring-beans-7.0.6.jar:7.0.6]
	at org.springframework.beans.factory.config.DependencyDescriptor.resolveCandidate(DependencyDescriptor.java:229) ~[spring-beans-7.0.6.jar:7.0.6]
	at org.springframework.beans.factory.support.DefaultListableBeanFactory.doResolveDependency(DefaultListableBeanFactory.java:1762) ~[spring-beans-7.0.6.jar:7.0.6]
	at org.springframework.beans.factory.support.DefaultListableBeanFactory.resolveDependency(DefaultListableBeanFactory.java:1651) ~[spring-beans-7.0.6.jar:7.0.6]
	at org.springframework.beans.factory.support.ConstructorResolver.resolveAutowiredArgument(ConstructorResolver.java:912) ~[spring-beans-7.0.6.jar:7.0.6]
	at org.springframework.beans.factory.support.ConstructorResolver.createArgumentArray(ConstructorResolver.java:791) ~[spring-beans-7.0.6.jar:7.0.6]
	... 53 common frames omitted
Caused by: org.springframework.beans.factory.BeanCreationException: Error creating bean with name 'userRepo' defined in com.example.LOGITRACK.repository.UserRepo defined in @EnableJpaRepositories declared on DataJpaRepositoriesRegistrar.EnableJpaRepositoriesConfiguration: Cannot resolve reference to bean 'jpaSharedEM_entityManagerFactory' while setting bean property 'entityManager'
	at org.springframework.beans.factory.support.BeanDefinitionValueResolver.resolveReference(BeanDefinitionValueResolver.java:377) ~[spring-beans-7.0.6.jar:7.0.6]
	at org.springframework.beans.factory.support.BeanDefinitionValueResolver.resolveValueIfNecessary(BeanDefinitionValueResolver.java:135) ~[spring-beans-7.0.6.jar:7.0.6]
	at org.springframework.beans.factory.support.AbstractAutowireCapableBeanFactory.applyPropertyValues(AbstractAutowireCapableBeanFactory.java:1712) ~[spring-beans-7.0.6.jar:7.0.6]
	at org.springframework.beans.factory.support.AbstractAutowireCapableBeanFactory.populateBean(AbstractAutowireCapableBeanFactory.java:1461) ~[spring-beans-7.0.6.jar:7.0.6]
	at org.springframework.beans.factory.support.AbstractAutowireCapableBeanFactory.doCreateBean(AbstractAutowireCapableBeanFactory.java:602) ~[spring-beans-7.0.6.jar:7.0.6]
	at org.springframework.beans.factory.support.AbstractAutowireCapableBeanFactory.createBean(AbstractAutowireCapableBeanFactory.java:525) ~[spring-beans-7.0.6.jar:7.0.6]
	at org.springframework.beans.factory.support.AbstractBeanFactory.lambda$doGetBean$0(AbstractBeanFactory.java:333) ~[spring-beans-7.0.6.jar:7.0.6]
	at org.springframework.beans.factory.support.DefaultSingletonBeanRegistry.getSingleton(DefaultSingletonBeanRegistry.java:371) ~[spring-beans-7.0.6.jar:7.0.6]
	at org.springframework.beans.factory.support.AbstractBeanFactory.doGetBean(AbstractBeanFactory.java:331) ~[spring-beans-7.0.6.jar:7.0.6]
	at org.springframework.beans.factory.support.AbstractBeanFactory.getBean(AbstractBeanFactory.java:201) ~[spring-beans-7.0.6.jar:7.0.6]
	at org.springframework.beans.factory.support.DefaultListableBeanFactory.resolveBean(DefaultListableBeanFactory.java:1225) ~[spring-beans-7.0.6.jar:7.0.6]
	at org.springframework.beans.factory.support.DefaultListableBeanFactory.doResolveDependency(DefaultListableBeanFactory.java:1704) ~[spring-beans-7.0.6.jar:7.0.6]
	at org.springframework.beans.factory.support.DefaultListableBeanFactory.resolveDependency(DefaultListableBeanFactory.java:1651) ~[spring-beans-7.0.6.jar:7.0.6]
	at org.springframework.beans.factory.support.ConstructorResolver.resolveAutowiredArgument(ConstructorResolver.java:912) ~[spring-beans-7.0.6.jar:7.0.6]
	at org.springframework.beans.factory.support.ConstructorResolver.createArgumentArray(ConstructorResolver.java:791) ~[spring-beans-7.0.6.jar:7.0.6]
	... 67 common frames omitted
Caused by: org.springframework.beans.factory.BeanCreationException: Error creating bean with name 'jpaSharedEM_entityManagerFactory': Cannot resolve reference to bean 'entityManagerFactory' while setting constructor argument
	at org.springframework.beans.factory.support.BeanDefinitionValueResolver.resolveReference(BeanDefinitionValueResolver.java:377) ~[spring-beans-7.0.6.jar:7.0.6]
	at org.springframework.beans.factory.support.BeanDefinitionValueResolver.resolveValueIfNecessary(BeanDefinitionValueResolver.java:135) ~[spring-beans-7.0.6.jar:7.0.6]
	at org.springframework.beans.factory.support.ConstructorResolver.resolveConstructorArguments(ConstructorResolver.java:691) ~[spring-beans-7.0.6.jar:7.0.6]
	at org.springframework.beans.factory.support.ConstructorResolver.instantiateUsingFactoryMethod(ConstructorResolver.java:513) ~[spring-beans-7.0.6.jar:7.0.6]
	at org.springframework.beans.factory.support.AbstractAutowireCapableBeanFactory.instantiateUsingFactoryMethod(AbstractAutowireCapableBeanFactory.java:1362) ~[spring-beans-7.0.6.jar:7.0.6]
	at org.springframework.beans.factory.support.AbstractAutowireCapableBeanFactory.createBeanInstance(AbstractAutowireCapableBeanFactory.java:1194) ~[spring-beans-7.0.6.jar:7.0.6]
	at org.springframework.beans.factory.support.AbstractAutowireCapableBeanFactory.doCreateBean(AbstractAutowireCapableBeanFactory.java:565) ~[spring-beans-7.0.6.jar:7.0.6]
	at org.springframework.beans.factory.support.AbstractAutowireCapableBeanFactory.createBean(AbstractAutowireCapableBeanFactory.java:525) ~[spring-beans-7.0.6.jar:7.0.6]
	at org.springframework.beans.factory.support.AbstractBeanFactory.lambda$doGetBean$0(AbstractBeanFactory.java:333) ~[spring-beans-7.0.6.jar:7.0.6]
	at org.springframework.beans.factory.support.DefaultSingletonBeanRegistry.getSingleton(DefaultSingletonBeanRegistry.java:371) ~[spring-beans-7.0.6.jar:7.0.6]
	at org.springframework.beans.factory.support.AbstractBeanFactory.doGetBean(AbstractBeanFactory.java:331) ~[spring-beans-7.0.6.jar:7.0.6]
	at org.springframework.beans.factory.support.AbstractBeanFactory.getBean(AbstractBeanFactory.java:201) ~[spring-beans-7.0.6.jar:7.0.6]
	at org.springframework.beans.factory.support.BeanDefinitionValueResolver.resolveReference(BeanDefinitionValueResolver.java:356) ~[spring-beans-7.0.6.jar:7.0.6]
	... 81 common frames omitted
Caused by: org.springframework.beans.factory.BeanCreationException: Error creating bean with name 'flywayInitializer' defined in class path resource [org/springframework/boot/flyway/autoconfigure/FlywayAutoConfiguration$FlywayConfiguration.class]: Unable to obtain connection from database: Communications link failure

The last packet sent successfully to the server was 0 milliseconds ago. The driver has not received any packets from the server.
--------------------------------------------------------------------------------------------------------------------------------------------------------------------------------------------------------
SQL State  : 08S01
Error Code : 0
Message    : Communications link failure

The last packet sent successfully to the server was 0 milliseconds ago. The driver has not received any packets from the server.

	at org.springframework.beans.factory.support.AbstractAutowireCapableBeanFactory.initializeBean(AbstractAutowireCapableBeanFactory.java:1817) ~[spring-beans-7.0.6.jar:7.0.6]
	at org.springframework.beans.factory.support.AbstractAutowireCapableBeanFactory.doCreateBean(AbstractAutowireCapableBeanFactory.java:603) ~[spring-beans-7.0.6.jar:7.0.6]
	at org.springframework.beans.factory.support.AbstractAutowireCapableBeanFactory.createBean(AbstractAutowireCapableBeanFactory.java:525) ~[spring-beans-7.0.6.jar:7.0.6]
	at org.springframework.beans.factory.support.AbstractBeanFactory.lambda$doGetBean$0(AbstractBeanFactory.java:333) ~[spring-beans-7.0.6.jar:7.0.6]
	at org.springframework.beans.factory.support.DefaultSingletonBeanRegistry.getSingleton(DefaultSingletonBeanRegistry.java:371) ~[spring-beans-7.0.6.jar:7.0.6]
	at org.springframework.beans.factory.support.AbstractBeanFactory.doGetBean(AbstractBeanFactory.java:331) ~[spring-beans-7.0.6.jar:7.0.6]
	at org.springframework.beans.factory.support.AbstractBeanFactory.getBean(AbstractBeanFactory.java:196) ~[spring-beans-7.0.6.jar:7.0.6]
	at org.springframework.beans.factory.support.AbstractBeanFactory.doGetBean(AbstractBeanFactory.java:309) ~[spring-beans-7.0.6.jar:7.0.6]
	at org.springframework.beans.factory.support.AbstractBeanFactory.getBean(AbstractBeanFactory.java:196) ~[spring-beans-7.0.6.jar:7.0.6]
	at org.springframework.beans.factory.support.BeanDefinitionValueResolver.resolveReference(BeanDefinitionValueResolver.java:365) ~[spring-beans-7.0.6.jar:7.0.6]
	... 93 common frames omitted
Caused by: org.flywaydb.core.internal.exception.sqlExceptions.FlywaySqlUnableToConnectToDbException: Unable to obtain connection from database: Communications link failure

The last packet sent successfully to the server was 0 milliseconds ago. The driver has not received any packets from the server.
--------------------------------------------------------------------------------------------------------------------------------------------------------------------------------------------------------
SQL State  : 08S01
Error Code : 0
Message    : Communications link failure

The last packet sent successfully to the server was 0 milliseconds ago. The driver has not received any packets from the server.

	at org.flywaydb.core.internal.jdbc.JdbcUtils.openConnection(JdbcUtils.java:70) ~[flyway-core-11.14.1.jar:na]
	at org.flywaydb.core.internal.jdbc.JdbcConnectionFactory.<init>(JdbcConnectionFactory.java:76) ~[flyway-core-11.14.1.jar:na]
	at org.flywaydb.core.FlywayExecutor.execute(FlywayExecutor.java:142) ~[flyway-core-11.14.1.jar:na]
	at org.flywaydb.core.Flyway.migrate(Flyway.java:186) ~[flyway-core-11.14.1.jar:na]
	at org.springframework.boot.flyway.autoconfigure.FlywayMigrationInitializer.afterPropertiesSet(FlywayMigrationInitializer.java:67) ~[spring-boot-flyway-4.0.5.jar:4.0.5]
	at org.springframework.beans.factory.support.AbstractAutowireCapableBeanFactory.invokeInitMethods(AbstractAutowireCapableBeanFactory.java:1864) ~[spring-beans-7.0.6.jar:7.0.6]
	at org.springframework.beans.factory.support.AbstractAutowireCapableBeanFactory.initializeBean(AbstractAutowireCapableBeanFactory.java:1813) ~[spring-beans-7.0.6.jar:7.0.6]
	... 102 common frames omitted
Caused by: com.mysql.cj.jdbc.exceptions.CommunicationsException: Communications link failure

The last packet sent successfully to the server was 0 milliseconds ago. The driver has not received any packets from the server.
	at com.mysql.cj.jdbc.exceptions.SQLError.createCommunicationsException(SQLError.java:165) ~[mysql-connector-j-9.6.0.jar:9.6.0]
	at com.mysql.cj.jdbc.exceptions.SQLExceptionsMapping.translateException(SQLExceptionsMapping.java:55) ~[mysql-connector-j-9.6.0.jar:9.6.0]
	at com.mysql.cj.jdbc.ConnectionImpl.createNewIO(ConnectionImpl.java:840) ~[mysql-connector-j-9.6.0.jar:9.6.0]
	at com.mysql.cj.jdbc.ConnectionImpl.<init>(ConnectionImpl.java:416) ~[mysql-connector-j-9.6.0.jar:9.6.0]
	at com.mysql.cj.jdbc.ConnectionImpl.getInstance(ConnectionImpl.java:237) ~[mysql-connector-j-9.6.0.jar:9.6.0]
	at com.mysql.cj.jdbc.NonRegisteringDriver.connect(NonRegisteringDriver.java:180) ~[mysql-connector-j-9.6.0.jar:9.6.0]
	at com.zaxxer.hikari.util.DriverDataSource.getConnection(DriverDataSource.java:144) ~[HikariCP-7.0.2.jar:na]
	at com.zaxxer.hikari.pool.PoolBase.newConnection(PoolBase.java:373) ~[HikariCP-7.0.2.jar:na]
	at com.zaxxer.hikari.pool.PoolBase.newPoolEntry(PoolBase.java:210) ~[HikariCP-7.0.2.jar:na]
	at com.zaxxer.hikari.pool.HikariPool.createPoolEntry(HikariPool.java:488) ~[HikariCP-7.0.2.jar:na]
	at com.zaxxer.hikari.pool.HikariPool.checkFailFast(HikariPool.java:576) ~[HikariCP-7.0.2.jar:na]
	at com.zaxxer.hikari.pool.HikariPool.<init>(HikariPool.java:97) ~[HikariCP-7.0.2.jar:na]
	at com.zaxxer.hikari.HikariDataSource.getConnection(HikariDataSource.java:111) ~[HikariCP-7.0.2.jar:na]
	at org.flywaydb.core.internal.jdbc.JdbcUtils.openConnection(JdbcUtils.java:65) ~[flyway-core-11.14.1.jar:na]
	... 108 common frames omitted
Caused by: com.mysql.cj.exceptions.CJCommunicationsException: Communications link failure

The last packet sent successfully to the server was 0 milliseconds ago. The driver has not received any packets from the server.
	at java.base/jdk.internal.reflect.DirectConstructorHandleAccessor.newInstance(DirectConstructorHandleAccessor.java:62) ~[na:na]
	at java.base/java.lang.reflect.Constructor.newInstanceWithCaller(Constructor.java:502) ~[na:na]
	at java.base/java.lang.reflect.Constructor.newInstance(Constructor.java:486) ~[na:na]
	at com.mysql.cj.exceptions.ExceptionFactory.createException(ExceptionFactory.java:52) ~[mysql-connector-j-9.6.0.jar:9.6.0]
	at com.mysql.cj.exceptions.ExceptionFactory.createException(ExceptionFactory.java:95) ~[mysql-connector-j-9.6.0.jar:9.6.0]
	at com.mysql.cj.exceptions.ExceptionFactory.createException(ExceptionFactory.java:140) ~[mysql-connector-j-9.6.0.jar:9.6.0]
	at com.mysql.cj.exceptions.ExceptionFactory.createCommunicationsException(ExceptionFactory.java:156) ~[mysql-connector-j-9.6.0.jar:9.6.0]
	at com.mysql.cj.protocol.a.NativeSocketConnection.connect(NativeSocketConnection.java:79) ~[mysql-connector-j-9.6.0.jar:9.6.0]
	at com.mysql.cj.NativeSession.connect(NativeSession.java:142) ~[mysql-connector-j-9.6.0.jar:9.6.0]
	at com.mysql.cj.jdbc.ConnectionImpl.connectOneTryOnly(ConnectionImpl.java:964) ~[mysql-connector-j-9.6.0.jar:9.6.0]
	at com.mysql.cj.jdbc.ConnectionImpl.createNewIO(ConnectionImpl.java:828) ~[mysql-connector-j-9.6.0.jar:9.6.0]
	... 119 common frames omitted
Caused by: java.net.ConnectException: Connection refused: getsockopt
	at java.base/sun.nio.ch.Net.pollConnect(Native Method) ~[na:na]
	at java.base/sun.nio.ch.Net.pollConnectNow(Net.java:694) ~[na:na]
	at java.base/sun.nio.ch.NioSocketImpl.timedFinishConnect(NioSocketImpl.java:542) ~[na:na]
	at java.base/sun.nio.ch.NioSocketImpl.connect(NioSocketImpl.java:592) ~[na:na]
	at java.base/java.net.SocksSocketImpl.connect(SocksSocketImpl.java:327) ~[na:na]
	at java.base/java.net.Socket.connect(Socket.java:751) ~[na:na]
	at com.mysql.cj.protocol.StandardSocketFactory.connect(StandardSocketFactory.java:144) ~[mysql-connector-j-9.6.0.jar:9.6.0]
	at com.mysql.cj.protocol.a.NativeSocketConnection.connect(NativeSocketConnection.java:53) ~[mysql-connector-j-9.6.0.jar:9.6.0]
	... 122 common frames omitted

2026-08-28T12:12:51.097+01:00  INFO 10148 --- [LogiTrack] [main] com.example.LOGITRACK.Application        : Starting Application using Java 21.0.10 with PID 10148 (C:\Users\enaa\Desktop\LogiTrack\LOGITRACK\target\classes started by enaa in C:\Users\enaa\Desktop\LogiTrack)
2026-08-28T12:12:51.100+01:00  INFO 10148 --- [LogiTrack] [main] com.example.LOGITRACK.Application        : No active profile set, falling back to 1 default profile: "default"
2026-08-28T12:12:51.825+01:00  INFO 10148 --- [LogiTrack] [main] .s.d.r.c.RepositoryConfigurationDelegate : Bootstrapping Spring Data JPA repositories in DEFAULT mode.
2026-08-28T12:12:51.866+01:00  INFO 10148 --- [LogiTrack] [main] .s.d.r.c.RepositoryConfigurationDelegate : Finished Spring Data repository scanning in 35 ms. Found 5 JPA repository interfaces.
2026-08-28T12:12:52.308+01:00  INFO 10148 --- [LogiTrack] [main] o.s.boot.tomcat.TomcatWebServer          : Tomcat initialized with port 8080 (http)
2026-08-28T12:12:52.315+01:00  INFO 10148 --- [LogiTrack] [main] o.apache.catalina.core.StandardService   : Starting service [Tomcat]
2026-08-28T12:12:52.316+01:00  INFO 10148 --- [LogiTrack] [main] o.apache.catalina.core.StandardEngine    : Starting Servlet engine: [Apache Tomcat/11.0.20]
2026-08-28T12:12:52.349+01:00  INFO 10148 --- [LogiTrack] [main] b.w.c.s.WebApplicationContextInitializer : Root WebApplicationContext: initialization completed in 1218 ms
2026-08-28T12:12:52.589+01:00  INFO 10148 --- [LogiTrack] [main] com.zaxxer.hikari.HikariDataSource       : HikariPool-1 - Starting...
2026-08-28T12:12:52.832+01:00  INFO 10148 --- [LogiTrack] [main] com.zaxxer.hikari.pool.HikariPool        : HikariPool-1 - Added connection com.mysql.cj.jdbc.ConnectionImpl@3221588e
2026-08-28T12:12:52.833+01:00  INFO 10148 --- [LogiTrack] [main] com.zaxxer.hikari.HikariDataSource       : HikariPool-1 - Start completed.
2026-08-28T12:12:52.864+01:00  INFO 10148 --- [LogiTrack] [main] org.flywaydb.core.FlywayExecutor         : Database: jdbc:mysql://localhost:3307/LogiTrack (MySQL 8.0)
2026-08-28T12:12:52.906+01:00  INFO 10148 --- [LogiTrack] [main] o.f.core.internal.command.DbValidate     : Successfully validated 2 migrations (execution time 00:00.021s)
2026-08-28T12:12:52.919+01:00  INFO 10148 --- [LogiTrack] [main] o.f.core.internal.command.DbMigrate      : Current version of schema `logitrack`: 2
2026-08-28T12:12:52.922+01:00  INFO 10148 --- [LogiTrack] [main] o.f.core.internal.command.DbMigrate      : Schema `logitrack` is up to date. No migration necessary.
2026-08-28T12:12:53.008+01:00  INFO 10148 --- [LogiTrack] [main] org.hibernate.orm.jpa                    : HHH008540: Processing PersistenceUnitInfo [name: default]
2026-08-28T12:12:53.080+01:00  INFO 10148 --- [LogiTrack] [main] org.hibernate.orm.core                   : HHH000001: Hibernate ORM core version 7.2.7.Final
2026-08-28T12:12:53.445+01:00  INFO 10148 --- [LogiTrack] [main] o.s.o.j.p.SpringPersistenceUnitInfo      : No LoadTimeWeaver setup: ignoring JPA class transformer
2026-08-28T12:12:53.496+01:00  WARN 10148 --- [LogiTrack] [main] org.hibernate.orm.deprecation            : HHH90000025: MySQLDialect does not need to be specified explicitly using 'hibernate.dialect' (remove the property setting and it will be selected by default)
2026-08-28T12:12:53.508+01:00  INFO 10148 --- [LogiTrack] [main] org.hibernate.orm.connections.pooling    : HHH10001005: Database info:
	Database JDBC URL [jdbc:mysql://localhost:3307/LogiTrack]
	Database driver: MySQL Connector/J
	Database dialect: MySQLDialect
	Database version: 8.0.44
	Default catalog/schema: logitrack/undefined
	Autocommit mode: undefined/unknown
	Isolation level: REPEATABLE_READ [default REPEATABLE_READ]
	JDBC fetch size: none
	Pool: DataSourceConnectionProvider
	Minimum pool size: undefined/unknown
	Maximum pool size: undefined/unknown
2026-08-28T12:12:54.289+01:00  INFO 10148 --- [LogiTrack] [main] org.hibernate.orm.core                   : HHH000489: No JTA platform available (set 'hibernate.transaction.jta.platform' to enable JTA platform integration)
2026-08-28T12:12:54.325+01:00  INFO 10148 --- [LogiTrack] [main] j.LocalContainerEntityManagerFactoryBean : Initialized JPA EntityManagerFactory for persistence unit 'default'
2026-08-28T12:12:54.370+01:00  INFO 10148 --- [LogiTrack] [main] o.s.d.j.r.query.QueryEnhancerFactories   : Hibernate is in classpath; If applicable, HQL parser will be used.
2026-08-28T12:12:54.573+01:00  INFO 10148 --- [LogiTrack] [main] eAuthenticationProviderManagerConfigurer : Global AuthenticationManager configured with AuthenticationProvider bean with name authenticationProvider
2026-08-28T12:12:54.574+01:00  WARN 10148 --- [LogiTrack] [main] r$InitializeUserDetailsManagerConfigurer : Global AuthenticationManager configured with an AuthenticationProvider bean. UserDetailsService beans will not be used by Spring Security for automatically configuring username/password login. Consider removing the AuthenticationProvider bean. Alternatively, consider using the UserDetailsService in a manually instantiated DaoAuthenticationProvider. If the current configuration is intentional, to turn off this warning, increase the logging level of 'org.springframework.security.config.annotation.authentication.configuration.InitializeUserDetailsBeanManagerConfigurer' to ERROR
2026-08-28T12:12:55.142+01:00  WARN 10148 --- [LogiTrack] [main] JpaBaseConfiguration$JpaWebConfiguration : spring.jpa.open-in-view is enabled by default. Therefore, database queries may be performed during view rendering. Explicitly configure spring.jpa.open-in-view to disable this warning
2026-08-28T12:12:55.836+01:00  INFO 10148 --- [LogiTrack] [main] o.s.b.a.e.web.EndpointLinksResolver      : Exposing 4 endpoints beneath base path '/actuator'
2026-08-28T12:12:55.926+01:00  INFO 10148 --- [LogiTrack] [main] o.s.boot.tomcat.TomcatWebServer          : Tomcat started on port 8080 (http) with context path '/'
2026-08-28T12:12:55.934+01:00  INFO 10148 --- [LogiTrack] [main] com.example.LOGITRACK.Application        : Started Application in 5.203 seconds (process running for 5.774)
2026-08-28T12:12:55.939+01:00  WARN 10148 --- [LogiTrack] [main] o.s.core.events.SpringDocAppInitializer  : SpringDoc /v3/api-docs endpoint is enabled by default. To disable it in production, set the property 'springdoc.api-docs.enabled=false'
2026-08-28T12:12:55.939+01:00  WARN 10148 --- [LogiTrack] [main] o.s.core.events.SpringDocAppInitializer  : SpringDoc /swagger-ui.html endpoint is enabled by default. To disable it in production, set the property 'springdoc.swagger-ui.enabled=false'
2026-08-28T12:12:56.400+01:00  INFO 10148 --- [LogiTrack] [RMI TCP Connection(1)-192.168.30.248] o.a.c.c.C.[Tomcat].[localhost].[/]       : Initializing Spring DispatcherServlet 'dispatcherServlet'
2026-08-28T12:12:56.401+01:00  INFO 10148 --- [LogiTrack] [RMI TCP Connection(1)-192.168.30.248] o.s.web.servlet.DispatcherServlet        : Initializing Servlet 'dispatcherServlet'
2026-08-28T12:12:56.404+01:00  INFO 10148 --- [LogiTrack] [RMI TCP Connection(1)-192.168.30.248] o.s.web.servlet.DispatcherServlet        : Completed initialization in 3 ms
2026-08-28T12:13:19.549+01:00  INFO 10148 --- [LogiTrack] [SpringApplicationShutdownHook] o.s.boot.tomcat.GracefulShutdown         : Commencing graceful shutdown. Waiting for active requests to complete
2026-08-28T12:13:19.553+01:00  INFO 10148 --- [LogiTrack] [tomcat-shutdown] o.s.boot.tomcat.GracefulShutdown         : Graceful shutdown complete
2026-08-28T12:13:19.559+01:00  INFO 10148 --- [LogiTrack] [SpringApplicationShutdownHook] j.LocalContainerEntityManagerFactoryBean : Closing JPA EntityManagerFactory for persistence unit 'default'
2026-08-28T12:13:19.562+01:00  INFO 10148 --- [LogiTrack] [SpringApplicationShutdownHook] com.zaxxer.hikari.HikariDataSource       : HikariPool-1 - Shutdown initiated...
2026-08-28T12:13:19.567+01:00  INFO 10148 --- [LogiTrack] [SpringApplicationShutdownHook] com.zaxxer.hikari.HikariDataSource       : HikariPool-1 - Shutdown completed.
